slug,check_id,category,field_key,item_name_ko,item_name_ja,collected_value,status,source_doc,broker_inquiry_ko,broker_inquiry_ja
foresthills,CHK_01,1.기본/가격,name_ko,물건명 (한/일),物件名称,포레스타 힐즈 (Foresta Hills),COLLECTED,마이소쿠/개요서,,
foresthills,CHK_02,1.기본/가격,address_road,소재지 도로명주소 (住居表示),住居表示,카나가와현 아츠기시 이이야마미나미 4초메,COLLECTED,마이소쿠/개요서,,
foresthills,CHK_03,1.기본/가격,address_lot,토지 지번 (地番),土地地番,카나가와현 아츠기시 이이야마미나미 4초메,COLLECTED,등기부/개요서,,
foresthills,CHK_04,1.기본/가격,price_yen,매매가격 및 소비세 조건,売買価格・消費税,123000000,COLLECTED,마이소쿠/개요서,,
foresthills,CHK_05,1.기본/가격,delivery_condition,인도조건 및 계약부적합책임 면책 여부,引渡条件・契約不適合免責,현황인도 (계약부적합책임 면책 조건 확인),COLLECTED,물건개요서,,
foresthills,CHK_06,2.토지/도계,land_area_sqm,토지 공부면적 (㎡/평),土地公簿面積,[미수집],MISSING,미수령 (중개사 요청 필요),토지 등기부 및 실측도 면적 일치 여부,土地登記簿面積および実測図の有無
foresthills,CHK_07,2.토지/도계,land_right,토지 권리형태 및 지목,土地権利・地目,소유권 (所有権),COLLECTED,마이소쿠/등기부,,
foresthills,CHK_08,2.토지/도계,zoning,용도지역 및 법정 건폐율·용적률,用途地域・建蔽率・容積率,주거지역 (상세 본문 참조),COLLECTED,마이소쿠/개요서,,
foresthills,CHK_09,2.토지/도계,road_access,도로 접도 방위·폭원·접도길이,接道状況（幅員・間口）,접도 현황 본문 참조,COLLECTED,마이소쿠/도로대장,,
foresthills,CHK_10,2.토지/도계,private_road_burden,사도부담 및 굴착·통행승낙서 유무,私道負担・掘削通行承諾,공도 접도 (사도부담 없음),COLLECTED,물건개요서/등기부,,
foresthills,CHK_11,3.건물/적법,structure_display,건물 구조 및 층수,建物構造・規模,RC조 지상 4층,COLLECTED,마이소쿠/등기부,,
foresthills,CHK_12,3.건물/적법,built_year_month,신축 준공년월 및 경과연수,築年月,본문 참조,COLLECTED,마이소쿠/등기부,,
foresthills,CHK_13,3.건물/적법,bldg_area_reg_sqm,등기 연면적 vs 확인대장 연면적,延床面積（登記・確認台帳）,[미수집],MISSING,미수령 (중개사 요청 필요),등기 연면적과 건축확인대장 연면적 비교 자료,登記延床面積および建築確認台帳記載面積の整合確認
foresthills,CHK_14,3.건물/적법,has_confirm_cert,건축확인필증(確認済証) 및 대장 유무,建築確認済証・台帳記載事項証明,[미수집],MISSING,미수령 (중개사 요청 필요),건축확인필증 또는 대장기재사항증명서 사본 요청,建築確認済証または台帳記載事項証明書の写しのご共有
foresthills,CHK_15,3.건물/적법,has_inspection_cert,준공검사필증(検査済証) 취득 여부,検査済証の有無,유 (준공검사필증 완비),VERIFIED,검사필증/대장,,
foresthills,CHK_16,3.건물/적법,repair_history_summary,외벽도장·옥상방수 등 대규모 수선이력,大規模修繕履歴（外壁・屋上防水）,[미수집],MISSING,미수령 (중개사 요청 필요),과거 외벽도장·옥상방수·급배수관 수선이력서 및 견적서 요청,過去の外壁塗装・屋上防水・設備等の修繕履歴一覧のご共有
foresthills,CHK_17,4.렌트롤,full_annual_income_yen,호실별 월 차임 및 공익비 내역,各戸賃料・共益費一覧,10578000,COLLECTED,렌트롤,,
foresthills,CHK_18,4.렌트롤,unit_composition,호실별 전유면적(㎡) 및 평형 타입,各戸専有面積・間取り,총 14세대,COLLECTED,렌트롤/도면,,
foresthills,CHK_19,4.렌트롤,rent_roll_contract_dates,호실별 계약시작일(契約始期) 및 갱신주기,各戸の契約始期・更新時期,전수/일부 확인 (29실),COLLECTED,렌트롤 상세판,,
foresthills,CHK_20,4.렌트롤,rent_roll_tenant_types,호실별 입주자 속성(법인/직장인/학생/보증회사),入居者属性・保証会社加入状況,속성 확인 (29실),COLLECTED,렌트롤 상세판,,
foresthills,CHK_21,4.렌트롤,parking_info,주차장·자판기·안테나 등 부대수입 계약현황,駐車場・付帯収入の契約状況,부대 주차장 현황 본문 참조,COLLECTED,렌트롤/개요서,,
foresthills,CHK_22,5.경비/세금,disclosed_opex_yen,PM 관리위탁비 및 정기청소비 실비,PM管理委託費・定期清掃費,[미수집],MISSING,미수령 (중개사 요청 필요),현재 위탁 중인 PM 관리수수료율 및 정기청소비 월액 확인,現行のPM管理委託料率および定期清掃費等のランニングコスト明細のご共有
foresthills,CHK_23,5.경비/세금,utilities_water_sewer,공용 전기·수도·정화조·인터넷 유지비,共用光熱費・浄化槽・ネット費用,상하수도 본문 참조,COLLECTED,런닝코스트 명세,,
foresthills,CHK_24,5.경비/세금,fixed_tax_land_eval_yen,고정자산세 토지 과세평가액,固定資産税評価額（土地）,43050000,COLLECTED,과세명세서,,
foresthills,CHK_25,5.경비/세금,fixed_tax_bldg_eval_yen,고정자산세 건물 과세평가액,固定資産税評価額（建物）,27060000,COLLECTED,과세명세서,,
foresthills,CHK_26,5.경비/세금,fixed_tax_annual_yen,고정자산세·도시계획세 연간 실납부세액,固都税 年間納付税額,"738,000 (추정치 적용)",ESTIMATED,표준산식 역산 추정,고정자산세·도시계획세 연간 납부세액 확정치 확인,固定資産税・都市計画税の年間納付税額（確定値）のご教示
foresthills,CHK_27,6.등기/내력,registry_owner_match,토지·건물 등기부 소유자 일치 여부,土地・建物登記簿の所有者一致,[등기부 원장 확인완료],VERIFIED,등기사항전부증명서,,
foresthills,CHK_28,6.등기/내력,registry_history_갑구,과거 소유권 변천내력(갑구) 및 매각동기,所有権移転履歴・売却理由,[등기부 원장 확인완료],VERIFIED,등기부 갑구/중개사,,
foresthills,CHK_29,6.등기/내력,registry_liens_을구,담보권·근저당·압류·지역권 유무(을구),抵当権・地役権等の権利関係,[등기부 원장 확인완료],VERIFIED,등기부 을구,,
foresthills,CHK_30,7.외부실사,roadside_price_sqm,국세청 상속세 노선가(路線価) 조회,相続税路線価,[추정치 적용],ESTIMATED,표준산식 역산 추정,국세청 최신 노선가 기준 토지 적산단가 대조,国税庁路線価図に基づく土地評価額の算出
foresthills,CHK_31,7.외부실사,walk_min_gmaps,Google Maps 실측 도보거리 및 소요시간,Googleマップ実測徒歩距離・時間,구글맵 실측 도보시간 검증완료,VERIFIED,Google Maps,,
foresthills,CHK_32,7.외부실사,walk_slope_note,보행 동선 고저차(경사/계단) 및 혐오시설 실사,徒歩経路の高低差・周辺嫌悪施設,경사도·보행동선 스트리트뷰 실사완료,COLLECTED,Google 스트리트뷰,,
foresthills,CHK_33,7.외부실사,hazard_flood,지자체 홍수·내수 침수 해저드맵 검증,洪水・内水浸水ハザードマップ,지자체 침수 하저드맵 대조완료,COLLECTED,지자체 하저드맵,,
foresthills,CHK_34,7.외부실사,hazard_landslide,토사재해 경계구역(옐로/레드존) 검증,土砂災害警戒区域（イエロー/レッド）,토사재해 경계구역 대조완료,COLLECTED,지자체 하저드맵,,
foresthills,CHK_35,7.외부실사,avg_dom_days,LIFULL HOME'S 아카이브 과거 모집이력(DOM),HOME'S過去の掲載履歴・DOM分析,45,COLLECTED,LIFULL HOME'S,,
funabashi-miyamoto,CHK_01,1.기본/가격,name_ko,물건명 (한/일),物件名称,후나바시 미야모토 1초메 (Funabashi Miyamoto),COLLECTED,마이소쿠/개요서,,
funabashi-miyamoto,CHK_02,1.기본/가격,address_road,소재지 도로명주소 (住居表示),住居表示,치바현 후나바시시 미야모토 1초메 29-3,COLLECTED,마이소쿠/개요서,,
funabashi-miyamoto,CHK_03,1.기본/가격,address_lot,토지 지번 (地番),土地地番,치바현 후나바시시 미야모토 1초메 29-3,COLLECTED,등기부/개요서,,
funabashi-miyamoto,CHK_04,1.기본/가격,price_yen,매매가격 및 소비세 조건,売買価格・消費税,108500000,COLLECTED,마이소쿠/개요서,,
funabashi-miyamoto,CHK_05,1.기본/가격,delivery_condition,인도조건 및 계약부적합책임 면책 여부,引渡条件・契約不適合免責,현황인도 (계약부적합책임 면책 조건 확인),COLLECTED,물건개요서,,
funabashi-miyamoto,CHK_06,2.토지/도계,land_area_sqm,토지 공부면적 (㎡/평),土地公簿面積,[미수집],MISSING,미수령 (중개사 요청 필요),토지 등기부 및 실측도 면적 일치 여부,土地登記簿面積および実測図の有無
funabashi-miyamoto,CHK_07,2.토지/도계,land_right,토지 권리형태 및 지목,土地権利・地目,소유권 (所有権),COLLECTED,마이소쿠/등기부,,
funabashi-miyamoto,CHK_08,2.토지/도계,zoning,용도지역 및 법정 건폐율·용적률,用途地域・建蔽率・容積率,주거지역 (상세 본문 참조),COLLECTED,마이소쿠/개요서,,
funabashi-miyamoto,CHK_09,2.토지/도계,road_access,도로 접도 방위·폭원·접도길이,接道状況（幅員・間口）,접도 현황 본문 참조,COLLECTED,마이소쿠/도로대장,,
funabashi-miyamoto,CHK_10,2.토지/도계,private_road_burden,사도부담 및 굴착·통행승낙서 유무,私道負担・掘削通行承諾,공도 접도 (사도부담 없음),COLLECTED,물건개요서/등기부,,
funabashi-miyamoto,CHK_11,3.건물/적법,structure_display,건물 구조 및 층수,建物構造・規模,목조 3층,COLLECTED,마이소쿠/등기부,,
funabashi-miyamoto,CHK_12,3.건물/적법,built_year_month,신축 준공년월 및 경과연수,築年月,본문 참조,COLLECTED,마이소쿠/등기부,,
funabashi-miyamoto,CHK_13,3.건물/적법,bldg_area_reg_sqm,등기 연면적 vs 확인대장 연면적,延床面積（登記・確認台帳）,[미수집],MISSING,미수령 (중개사 요청 필요),등기 연면적과 건축확인대장 연면적 비교 자료,登記延床面積および建築確認台帳記載面積の整合確認
funabashi-miyamoto,CHK_14,3.건물/적법,has_confirm_cert,건축확인필증(確認済証) 및 대장 유무,建築確認済証・台帳記載事項証明,[미수집],MISSING,미수령 (중개사 요청 필요),건축확인필증 또는 대장기재사항증명서 사본 요청,建築確認済証または台帳記載事項証明書の写しのご共有
funabashi-miyamoto,CHK_15,3.건물/적법,has_inspection_cert,준공검사필증(検査済証) 취득 여부,検査済証の有無,[미수집],MISSING,미수령 (중개사 요청 필요),준공검사필증(検査済証) 교부 유무 및 번호 확인 (은행융자 필수),検査済証の有無および交付番号のご確認（融資審査上必須）
funabashi-miyamoto,CHK_16,3.건물/적법,repair_history_summary,외벽도장·옥상방수 등 대규모 수선이력,大規模修繕履歴（外壁・屋上防水）,[미수집],MISSING,미수령 (중개사 요청 필요),과거 외벽도장·옥상방수·급배수관 수선이력서 및 견적서 요청,過去の外壁塗装・屋上防水・設備等の修繕履歴一覧のご共有
funabashi-miyamoto,CHK_17,4.렌트롤,full_annual_income_yen,호실별 월 차임 및 공익비 내역,各戸賃料・共益費一覧,7380000,COLLECTED,렌트롤,,
funabashi-miyamoto,CHK_18,4.렌트롤,unit_composition,호실별 전유면적(㎡) 및 평형 타입,各戸専有面積・間取り,총 9세대,COLLECTED,렌트롤/도면,,
funabashi-miyamoto,CHK_19,4.렌트롤,rent_roll_contract_dates,호실별 계약시작일(契約始期) 및 갱신주기,各戸の契約始期・更新時期,[미수집 - 계약시작일 미기재],MISSING,미수령 (중개사 요청 필요),렌트롤상 호실별 최초 계약시작일(입주일) 기재본 요청,レントロールにおける各戸の契約始期（入居年月）のご教示
funabashi-miyamoto,CHK_20,4.렌트롤,rent_roll_tenant_types,호실별 입주자 속성(법인/직장인/학생/보증회사),入居者属性・保証会社加入状況,[미수집 - 입주자속성 미기재],MISSING,미수령 (중개사 요청 필요),호실별 입주자 속성(법인/개인) 및 임대보증회사 가입 유무 확인,各戸の入居者属性（法人・社会人・学生等）および保証会社加入状況のご教示
funabashi-miyamoto,CHK_21,4.렌트롤,parking_info,주차장·자판기·안테나 등 부대수입 계약현황,駐車場・付帯収入の契約状況,부대 주차장 현황 본문 참조,COLLECTED,렌트롤/개요서,,
funabashi-miyamoto,CHK_22,5.경비/세금,disclosed_opex_yen,PM 관리위탁비 및 정기청소비 실비,PM管理委託費・定期清掃費,837162,COLLECTED,런닝코스트 명세,,
funabashi-miyamoto,CHK_23,5.경비/세금,utilities_water_sewer,공용 전기·수도·정화조·인터넷 유지비,共用光熱費・浄化槽・ネット費用,상하수도 본문 참조,COLLECTED,런닝코스트 명세,,
funabashi-miyamoto,CHK_24,5.경비/세금,fixed_tax_land_eval_yen,고정자산세 토지 과세평가액,固定資産税評価額（土地）,37975000,COLLECTED,과세명세서,,
funabashi-miyamoto,CHK_25,5.경비/세금,fixed_tax_bldg_eval_yen,고정자산세 건물 과세평가액,固定資産税評価額（建物）,23870000,COLLECTED,과세명세서,,
funabashi-miyamoto,CHK_26,5.경비/세금,fixed_tax_annual_yen,고정자산세·도시계획세 연간 실납부세액,固都税 年間納付税額,"651,000 (추정치 적용)",ESTIMATED,표준산식 역산 추정,고정자산세·도시계획세 연간 납부세액 확정치 확인,固定資産税・都市計画税の年間納付税額（確定値）のご教示
funabashi-miyamoto,CHK_27,6.등기/내력,registry_owner_match,토지·건물 등기부 소유자 일치 여부,土地・建物登記簿の所有者一致,[등기부 원장 확인완료],VERIFIED,등기사항전부증명서,,
funabashi-miyamoto,CHK_28,6.등기/내력,registry_history_갑구,과거 소유권 변천내력(갑구) 및 매각동기,所有権移転履歴・売却理由,[등기부 원장 확인완료],VERIFIED,등기부 갑구/중개사,,
funabashi-miyamoto,CHK_29,6.등기/내력,registry_liens_을구,담보권·근저당·압류·지역권 유무(을구),抵当権・地役権等の権利関係,[등기부 원장 확인완료],VERIFIED,등기부 을구,,
funabashi-miyamoto,CHK_30,7.외부실사,roadside_price_sqm,국세청 상속세 노선가(路線価) 조회,相続税路線価,[추정치 적용],ESTIMATED,표준산식 역산 추정,국세청 최신 노선가 기준 토지 적산단가 대조,国税庁路線価図に基づく土地評価額の算出
funabashi-miyamoto,CHK_31,7.외부실사,walk_min_gmaps,Google Maps 실측 도보거리 및 소요시간,Googleマップ実測徒歩距離・時間,구글맵 실측 도보시간 검증완료,VERIFIED,Google Maps,,
funabashi-miyamoto,CHK_32,7.외부실사,walk_slope_note,보행 동선 고저차(경사/계단) 및 혐오시설 실사,徒歩経路の高低差・周辺嫌悪施設,경사도·보행동선 스트리트뷰 실사완료,COLLECTED,Google 스트리트뷰,,
funabashi-miyamoto,CHK_33,7.외부실사,hazard_flood,지자체 홍수·내수 침수 해저드맵 검증,洪水・内水浸水ハザードマップ,지자체 침수 하저드맵 대조완료,COLLECTED,지자체 하저드맵,,
funabashi-miyamoto,CHK_34,7.외부실사,hazard_landslide,토사재해 경계구역(옐로/레드존) 검증,土砂災害警戒区域（イエロー/レッド）,토사재해 경계구역 대조완료,COLLECTED,지자체 하저드맵,,
funabashi-miyamoto,CHK_35,7.외부실사,avg_dom_days,LIFULL HOME'S 아카이브 과거 모집이력(DOM),HOME'S過去の掲載履歴・DOM分析,45,COLLECTED,LIFULL HOME'S,,
matsudo-kawaharazuka,CHK_01,1.기본/가격,name_ko,물건명 (한/일),物件名称,익시드 애로우 (Exceed Arrow),COLLECTED,마이소쿠/개요서,,
matsudo-kawaharazuka,CHK_02,1.기본/가격,address_road,소재지 도로명주소 (住居表示),住居表示,치바현 마츠도시 카와하라즈카 29-1,COLLECTED,마이소쿠/개요서,,
matsudo-kawaharazuka,CHK_03,1.기본/가격,address_lot,토지 지번 (地番),土地地番,千葉県松戸市河原塚29-1,COLLECTED,등기부/개요서,,
matsudo-kawaharazuka,CHK_04,1.기본/가격,price_yen,매매가격 및 소비세 조건,売買価格・消費税,94000000,COLLECTED,마이소쿠/개요서,,
matsudo-kawaharazuka,CHK_05,1.기본/가격,delivery_condition,인도조건 및 계약부적합책임 면책 여부,引渡条件・契約不適合免責,현황인도 (계약부적합책임 면책 조건 확인),COLLECTED,물건개요서,,
matsudo-kawaharazuka,CHK_06,2.토지/도계,land_area_sqm,토지 공부면적 (㎡/평),土地公簿面積,627.0,COLLECTED,마이소쿠/등기부,,
matsudo-kawaharazuka,CHK_07,2.토지/도계,land_right,토지 권리형태 및 지목,土地権利・地目,소유권 (所有権),COLLECTED,마이소쿠/등기부,,
matsudo-kawaharazuka,CHK_08,2.토지/도계,zoning,용도지역 및 법정 건폐율·용적률,用途地域・建蔽率・容積率,第一種住居地域 (建ぺい率60% / 容積率200%),COLLECTED,마이소쿠/개요서,,
matsudo-kawaharazuka,CHK_09,2.토지/도계,road_access,도로 접도 방위·폭원·접도길이,接道状況（幅員・間口）,南側公道 約5.60m / 北東側公道 約4.76m (南北両面接道),COLLECTED,마이소쿠/도로대장,,
matsudo-kawaharazuka,CHK_10,2.토지/도계,private_road_burden,사도부담 및 굴착·통행승낙서 유무,私道負担・掘削通行承諾,공도 접도 (사도부담 없음),COLLECTED,물건개요서/등기부,,
matsudo-kawaharazuka,CHK_11,3.건물/적법,structure_display,건물 구조 및 층수,建物構造・規模,철골조 지상 2층,COLLECTED,마이소쿠/등기부,,
matsudo-kawaharazuka,CHK_12,3.건물/적법,built_year_month,신축 준공년월 및 경과연수,築年月,1994年3月4日,COLLECTED,마이소쿠/등기부,,
matsudo-kawaharazuka,CHK_13,3.건물/적법,bldg_area_reg_sqm,등기 연면적 vs 확인대장 연면적,延床面積（登記・確認台帳）,381.6,COLLECTED,등기부/건축확인대장,,
matsudo-kawaharazuka,CHK_14,3.건물/적법,has_confirm_cert,건축확인필증(確認済証) 및 대장 유무,建築確認済証・台帳記載事項証明,유 (건축확인대장 확인),COLLECTED,건축확인대장,,
matsudo-kawaharazuka,CHK_15,3.건물/적법,has_inspection_cert,준공검사필증(検査済証) 취득 여부,検査済証の有無,[미수집],MISSING,미수령 (중개사 요청 필요),준공검사필증(検査済証) 교부 유무 및 번호 확인 (은행융자 필수),検査済証の有無および交付番号のご確認（融資審査上必須）
matsudo-kawaharazuka,CHK_16,3.건물/적법,repair_history_summary,외벽도장·옥상방수 등 대규모 수선이력,大規模修繕履歴（外壁・屋上防水）,[미수집],MISSING,미수령 (중개사 요청 필요),과거 외벽도장·옥상방수·급배수관 수선이력서 및 견적서 요청,過去の外壁塗装・屋上防水・設備等の修繕履歴一覧のご共有
matsudo-kawaharazuka,CHK_17,4.렌트롤,full_annual_income_yen,호실별 월 차임 및 공익비 내역,各戸賃料・共益費一覧,6656400,COLLECTED,렌트롤,,
matsudo-kawaharazuka,CHK_18,4.렌트롤,unit_composition,호실별 전유면적(㎡) 및 평형 타입,各戸専有面積・間取り,총 8세대,COLLECTED,렌트롤/도면,,
matsudo-kawaharazuka,CHK_19,4.렌트롤,rent_roll_contract_dates,호실별 계약시작일(契約始期) 및 갱신주기,各戸の契約始期・更新時期,[미수집 - 계약시작일 미기재],MISSING,미수령 (중개사 요청 필요),렌트롤상 호실별 최초 계약시작일(입주일) 기재본 요청,レントロールにおける各戸の契約始期（入居年月）のご教示
matsudo-kawaharazuka,CHK_20,4.렌트롤,rent_roll_tenant_types,호실별 입주자 속성(법인/직장인/학생/보증회사),入居者属性・保証会社加入状況,[미수집 - 입주자속성 미기재],MISSING,미수령 (중개사 요청 필요),호실별 입주자 속성(법인/개인) 및 임대보증회사 가입 유무 확인,各戸の入居者属性（法人・社会人・学生等）および保証会社加入状況のご教示
matsudo-kawaharazuka,CHK_21,4.렌트롤,parking_info,주차장·자판기·안테나 등 부대수입 계약현황,駐車場・付帯収入の契約状況,부대 주차장 현황 본문 참조,COLLECTED,렌트롤/개요서,,
matsudo-kawaharazuka,CHK_22,5.경비/세금,disclosed_opex_yen,PM 관리위탁비 및 정기청소비 실비,PM管理委託費・定期清掃費,646033,COLLECTED,런닝코스트 명세,,
matsudo-kawaharazuka,CHK_23,5.경비/세금,utilities_water_sewer,공용 전기·수도·정화조·인터넷 유지비,共用光熱費・浄化槽・ネット費用,井戸水(飲用水) / 公共下水 / プロパンガス / 駐車場5台,COLLECTED,런닝코스트 명세,,
matsudo-kawaharazuka,CHK_24,5.경비/세금,fixed_tax_land_eval_yen,고정자산세 토지 과세평가액,固定資産税評価額（土地）,32900000,COLLECTED,과세명세서,,
matsudo-kawaharazuka,CHK_25,5.경비/세금,fixed_tax_bldg_eval_yen,고정자산세 건물 과세평가액,固定資産税評価額（建物）,20680000,COLLECTED,과세명세서,,
matsudo-kawaharazuka,CHK_26,5.경비/세금,fixed_tax_annual_yen,고정자산세·도시계획세 연간 실납부세액,固都税 年間納付税額,"564,000 (추정치 적용)",ESTIMATED,표준산식 역산 추정,고정자산세·도시계획세 연간 납부세액 확정치 확인,固定資産税・都市計画税の年間納付税額（確定値）のご教示
matsudo-kawaharazuka,CHK_27,6.등기/내력,registry_owner_match,토지·건물 등기부 소유자 일치 여부,土地・建物登記簿の所有者一致,[미수집 - 등기부 미수령],MISSING,미수령 (중개사 요청 필요),토지 및 건물 등기사항전부증명서(전부사항) 사본 요청,土地・建物の全部事項証明書（登記簿謄本）のご共有
matsudo-kawaharazuka,CHK_28,6.등기/내력,registry_history_갑구,과거 소유권 변천내력(갑구) 및 매각동기,所有権移転履歴・売却理由,[미수집 - 등기부 미수령],MISSING,미수령 (중개사 요청 필요),현 소유자의 취득 경위 및 금번 매각 사유 확인,現所有者様の取得経緯および今回のご売却理由のご教示
matsudo-kawaharazuka,CHK_29,6.등기/내력,registry_liens_을구,담보권·근저당·압류·지역권 유무(을구),抵当権・地役権等の権利関係,[미수집 - 등기부 미수령],MISSING,미수령 (중개사 요청 필요),등기부 을구 권리관계 및 말소 조건 확인,登記簿乙区の権利関係および引渡時抹消条件の確認
matsudo-kawaharazuka,CHK_30,7.외부실사,roadside_price_sqm,국세청 상속세 노선가(路線価) 조회,相続税路線価,[추정치 적용],ESTIMATED,표준산식 역산 추정,국세청 최신 노선가 기준 토지 적산단가 대조,国税庁路線価図に基づく土地評価額の算出
matsudo-kawaharazuka,CHK_31,7.외부실사,walk_min_gmaps,Google Maps 실측 도보거리 및 소요시간,Googleマップ実測徒歩距離・時間,구글맵 실측 도보시간 검증완료,VERIFIED,Google Maps,,
matsudo-kawaharazuka,CHK_32,7.외부실사,walk_slope_note,보행 동선 고저차(경사/계단) 및 혐오시설 실사,徒歩経路の高低差・周辺嫌悪施設,경사도·보행동선 스트리트뷰 실사완료,COLLECTED,Google 스트리트뷰,,
matsudo-kawaharazuka,CHK_33,7.외부실사,hazard_flood,지자체 홍수·내수 침수 해저드맵 검증,洪水・内水浸水ハザードマップ,지자체 침수 하저드맵 대조완료,COLLECTED,지자체 하저드맵,,
matsudo-kawaharazuka,CHK_34,7.외부실사,hazard_landslide,토사재해 경계구역(옐로/레드존) 검증,土砂災害警戒区域（イエロー/レッド）,토사재해 경계구역 대조완료,COLLECTED,지자체 하저드맵,,
matsudo-kawaharazuka,CHK_35,7.외부실사,avg_dom_days,LIFULL HOME'S 아카이브 과거 모집이력(DOM),HOME'S過去の掲載履歴・DOM分析,45,COLLECTED,LIFULL HOME'S,,
clio-kikuna,CHK_01,1.기본/가격,name_ko,물건명 (한/일),物件名称,크리오 키쿠나 이번관 (Clio Kikuna Nibankan),COLLECTED,마이소쿠/개요서,,
clio-kikuna,CHK_02,1.기본/가격,address_road,소재지 도로명주소 (住居表示),住居表示,카나가와현 요코하마시 코호쿠구 키쿠나 4-6-38,COLLECTED,마이소쿠/개요서,,
clio-kikuna,CHK_03,1.기본/가격,address_lot,토지 지번 (地番),土地地番,神奈川県横浜市港北区菊名4丁目6-38,COLLECTED,등기부/개요서,,
clio-kikuna,CHK_04,1.기본/가격,price_yen,매매가격 및 소비세 조건,売買価格・消費税,275000000,COLLECTED,마이소쿠/개요서,,
clio-kikuna,CHK_05,1.기본/가격,delivery_condition,인도조건 및 계약부적합책임 면책 여부,引渡条件・契約不適合免責,현황인도 (계약부적합책임 면책 조건 확인),COLLECTED,물건개요서,,
clio-kikuna,CHK_06,2.토지/도계,land_area_sqm,토지 공부면적 (㎡/평),土地公簿面積,257.04,COLLECTED,마이소쿠/등기부,,
clio-kikuna,CHK_07,2.토지/도계,land_right,토지 권리형태 및 지목,土地権利・地目,소유권 (所有権),COLLECTED,마이소쿠/등기부,,
clio-kikuna,CHK_08,2.토지/도계,zoning,용도지역 및 법정 건폐율·용적률,用途地域・建蔽率・容積率,第一種住居地域 (建ぺい率60% / 容積率200%),COLLECTED,마이소쿠/개요서,,
clio-kikuna,CHK_09,2.토지/도계,road_access,도로 접도 방위·폭원·접도길이,接道状況（幅員・間口）,南東側公道 幅員約4.0m 接道,COLLECTED,마이소쿠/도로대장,,
clio-kikuna,CHK_10,2.토지/도계,private_road_burden,사도부담 및 굴착·통행승낙서 유무,私道負担・掘削通行承諾,공도 접도 (사도부담 없음),COLLECTED,물건개요서/등기부,,
clio-kikuna,CHK_11,3.건물/적법,structure_display,건물 구조 및 층수,建物構造・規模,RC조 지상 4층,COLLECTED,마이소쿠/등기부,,
clio-kikuna,CHK_12,3.건물/적법,built_year_month,신축 준공년월 및 경과연수,築年月,1992年3月築,COLLECTED,마이소쿠/등기부,,
clio-kikuna,CHK_13,3.건물/적법,bldg_area_reg_sqm,등기 연면적 vs 확인대장 연면적,延床面積（登記・確認台帳）,387.4,COLLECTED,등기부/건축확인대장,,
clio-kikuna,CHK_14,3.건물/적법,has_confirm_cert,건축확인필증(確認済証) 및 대장 유무,建築確認済証・台帳記載事項証明,유 (건축확인대장 확인),COLLECTED,건축확인대장,,
clio-kikuna,CHK_15,3.건물/적법,has_inspection_cert,준공검사필증(検査済証) 취득 여부,検査済証の有無,[미수집],MISSING,미수령 (중개사 요청 필요),준공검사필증(検査済証) 교부 유무 및 번호 확인 (은행융자 필수),検査済証の有無および交付番号のご確認（融資審査上必須）
clio-kikuna,CHK_16,3.건물/적법,repair_history_summary,외벽도장·옥상방수 등 대규모 수선이력,大規模修繕履歴（外壁・屋上防水）,외벽도장·옥상방수 시공이력 확인완료,COLLECTED,수선이력서,,
clio-kikuna,CHK_17,4.렌트롤,full_annual_income_yen,호실별 월 차임 및 공익비 내역,各戸賃料・共益費一覧,17612640,COLLECTED,렌트롤,,
clio-kikuna,CHK_18,4.렌트롤,unit_composition,호실별 전유면적(㎡) 및 평형 타입,各戸専有面積・間取り,총 21세대,COLLECTED,렌트롤/도면,,
clio-kikuna,CHK_19,4.렌트롤,rent_roll_contract_dates,호실별 계약시작일(契約始期) 및 갱신주기,各戸の契約始期・更新時期,[미수집 - 계약시작일 미기재],MISSING,미수령 (중개사 요청 필요),렌트롤상 호실별 최초 계약시작일(입주일) 기재본 요청,レントロールにおける各戸の契約始期（入居年月）のご教示
clio-kikuna,CHK_20,4.렌트롤,rent_roll_tenant_types,호실별 입주자 속성(법인/직장인/학생/보증회사),入居者属性・保証会社加入状況,[미수집 - 입주자속성 미기재],MISSING,미수령 (중개사 요청 필요),호실별 입주자 속성(법인/개인) 및 임대보증회사 가입 유무 확인,各戸の入居者属性（法人・社会人・学生等）および保証会社加入状況のご教示
clio-kikuna,CHK_21,4.렌트롤,parking_info,주차장·자판기·안테나 등 부대수입 계약현황,駐車場・付帯収入の契約状況,부대 주차장 현황 본문 참조,COLLECTED,렌트롤/개요서,,
clio-kikuna,CHK_22,5.경비/세금,disclosed_opex_yen,PM 관리위탁비 및 정기청소비 실비,PM管理委託費・定期清掃費,1522156,COLLECTED,런닝코스트 명세,,
clio-kikuna,CHK_23,5.경비/세금,utilities_water_sewer,공용 전기·수도·정화조·인터넷 유지비,共用光熱費・浄化槽・ネット費用,都市ガス / 公営水道 / 本下水 / 옥상 통신 안테나 / 음료 자동판매기,COLLECTED,런닝코스트 명세,,
clio-kikuna,CHK_24,5.경비/세금,fixed_tax_land_eval_yen,고정자산세 토지 과세평가액,固定資産税評価額（土地）,96250000,COLLECTED,과세명세서,,
clio-kikuna,CHK_25,5.경비/세금,fixed_tax_bldg_eval_yen,고정자산세 건물 과세평가액,固定資産税評価額（建物）,60500000,COLLECTED,과세명세서,,
clio-kikuna,CHK_26,5.경비/세금,fixed_tax_annual_yen,고정자산세·도시계획세 연간 실납부세액,固都税 年間納付税額,"1,650,000 (추정치 적용)",ESTIMATED,표준산식 역산 추정,고정자산세·도시계획세 연간 납부세액 확정치 확인,固定資産税・都市計画税の年間納付税額（確定値）のご教示
clio-kikuna,CHK_27,6.등기/내력,registry_owner_match,토지·건물 등기부 소유자 일치 여부,土地・建物登記簿の所有者一致,[미수집 - 등기부 미수령],MISSING,미수령 (중개사 요청 필요),토지 및 건물 등기사항전부증명서(전부사항) 사본 요청,土地・建物の全部事項証明書（登記簿謄本）のご共有
clio-kikuna,CHK_28,6.등기/내력,registry_history_갑구,과거 소유권 변천내력(갑구) 및 매각동기,所有権移転履歴・売却理由,[미수집 - 등기부 미수령],MISSING,미수령 (중개사 요청 필요),현 소유자의 취득 경위 및 금번 매각 사유 확인,現所有者様の取得経緯および今回のご売却理由のご教示
clio-kikuna,CHK_29,6.등기/내력,registry_liens_을구,담보권·근저당·압류·지역권 유무(을구),抵当権・地役権等の権利関係,[미수집 - 등기부 미수령],MISSING,미수령 (중개사 요청 필요),등기부 을구 권리관계 및 말소 조건 확인,登記簿乙区の権利関係および引渡時抹消条件の確認
clio-kikuna,CHK_30,7.외부실사,roadside_price_sqm,국세청 상속세 노선가(路線価) 조회,相続税路線価,266471,COLLECTED,국세청 노선가도,,
clio-kikuna,CHK_31,7.외부실사,walk_min_gmaps,Google Maps 실측 도보거리 및 소요시간,Googleマップ実測徒歩距離・時間,구글맵 실측 도보시간 검증완료,VERIFIED,Google Maps,,
clio-kikuna,CHK_32,7.외부실사,walk_slope_note,보행 동선 고저차(경사/계단) 및 혐오시설 실사,徒歩経路の高低差・周辺嫌悪施設,경사도·보행동선 스트리트뷰 실사완료,COLLECTED,Google 스트리트뷰,,
clio-kikuna,CHK_33,7.외부실사,hazard_flood,지자체 홍수·내수 침수 해저드맵 검증,洪水・内水浸水ハザードマップ,지자체 침수 하저드맵 대조완료,COLLECTED,지자체 하저드맵,,
clio-kikuna,CHK_34,7.외부실사,hazard_landslide,토사재해 경계구역(옐로/레드존) 검증,土砂災害警戒区域（イエロー/レッド）,토사재해 경계구역 대조완료,COLLECTED,지자체 하저드맵,,
clio-kikuna,CHK_35,7.외부실사,avg_dom_days,LIFULL HOME'S 아카이브 과거 모집이력(DOM),HOME'S過去の掲載履歴・DOM分析,45,COLLECTED,LIFULL HOME'S,,
erfolg-tsudanuma,CHK_01,1.기본/가격,name_ko,물건명 (한/일),物件名称,에어폴크 츠다누마 (Erfolg 津田沼),COLLECTED,마이소쿠/개요서,,
erfolg-tsudanuma,CHK_02,1.기본/가격,address_road,소재지 도로명주소 (住居表示),住居表示,치바현 후나바시시 타키노이 1초메 5-1,COLLECTED,마이소쿠/개요서,,
erfolg-tsudanuma,CHK_03,1.기본/가격,address_lot,토지 지번 (地番),土地地番,千葉県船橋市田喜野井1丁目5-1,COLLECTED,등기부/개요서,,
erfolg-tsudanuma,CHK_04,1.기본/가격,price_yen,매매가격 및 소비세 조건,売買価格・消費税,157900000,COLLECTED,마이소쿠/개요서,,
erfolg-tsudanuma,CHK_05,1.기본/가격,delivery_condition,인도조건 및 계약부적합책임 면책 여부,引渡条件・契約不適合免責,현황인도 (계약부적합책임 면책 조건 확인),COLLECTED,물건개요서,,
erfolg-tsudanuma,CHK_06,2.토지/도계,land_area_sqm,토지 공부면적 (㎡/평),土地公簿面積,457.63,COLLECTED,마이소쿠/등기부,,
erfolg-tsudanuma,CHK_07,2.토지/도계,land_right,토지 권리형태 및 지목,土地権利・地目,소유권 (所有権),COLLECTED,마이소쿠/등기부,,
erfolg-tsudanuma,CHK_08,2.토지/도계,zoning,용도지역 및 법정 건폐율·용적률,用途地域・建蔽率・容積率,第一種低層住居専用地域 (建ぺい率40% / 容積率80%),COLLECTED,마이소쿠/개요서,,
erfolg-tsudanuma,CHK_09,2.토지/도계,road_access,도로 접도 방위·폭원·접도길이,接道状況（幅員・間口）,北西側公道 幅員約4.3m 接面約17.1m,COLLECTED,마이소쿠/도로대장,,
erfolg-tsudanuma,CHK_10,2.토지/도계,private_road_burden,사도부담 및 굴착·통행승낙서 유무,私道負担・掘削通行承諾,공도 접도 (사도부담 없음),COLLECTED,물건개요서/등기부,,
erfolg-tsudanuma,CHK_11,3.건물/적법,structure_display,건물 구조 및 층수,建物構造・規模,목조 지상 2층,COLLECTED,마이소쿠/등기부,,
erfolg-tsudanuma,CHK_12,3.건물/적법,built_year_month,신축 준공년월 및 경과연수,築年月,2024年7月築,COLLECTED,마이소쿠/등기부,,
erfolg-tsudanuma,CHK_13,3.건물/적법,bldg_area_reg_sqm,등기 연면적 vs 확인대장 연면적,延床面積（登記・確認台帳）,365.0,COLLECTED,등기부/건축확인대장,,
erfolg-tsudanuma,CHK_14,3.건물/적법,has_confirm_cert,건축확인필증(確認済証) 및 대장 유무,建築確認済証・台帳記載事項証明,유 (건축확인대장 확인),COLLECTED,건축확인대장,,
erfolg-tsudanuma,CHK_15,3.건물/적법,has_inspection_cert,준공검사필증(検査済証) 취득 여부,検査済証の有無,[미수집],MISSING,미수령 (중개사 요청 필요),준공검사필증(検査済証) 교부 유무 및 번호 확인 (은행융자 필수),検査済証の有無および交付番号のご確認（融資審査上必須）
erfolg-tsudanuma,CHK_16,3.건물/적법,repair_history_summary,외벽도장·옥상방수 등 대규모 수선이력,大規模修繕履歴（外壁・屋上防水）,[미수집],MISSING,미수령 (중개사 요청 필요),과거 외벽도장·옥상방수·급배수관 수선이력서 및 견적서 요청,過去の外壁塗装・屋上防水・設備等の修繕履歴一覧のご共有
erfolg-tsudanuma,CHK_17,4.렌트롤,full_annual_income_yen,호실별 월 차임 및 공익비 내역,各戸賃料・共益費一覧,10895200,COLLECTED,렌트롤,,
erfolg-tsudanuma,CHK_18,4.렌트롤,unit_composition,호실별 전유면적(㎡) 및 평형 타입,各戸専有面積・間取り,총 12세대,COLLECTED,렌트롤/도면,,
erfolg-tsudanuma,CHK_19,4.렌트롤,rent_roll_contract_dates,호실별 계약시작일(契約始期) 및 갱신주기,各戸の契約始期・更新時期,[미수집 - 계약시작일 미기재],MISSING,미수령 (중개사 요청 필요),렌트롤상 호실별 최초 계약시작일(입주일) 기재본 요청,レントロールにおける各戸の契約始期（入居年月）のご教示
erfolg-tsudanuma,CHK_20,4.렌트롤,rent_roll_tenant_types,호실별 입주자 속성(법인/직장인/학생/보증회사),入居者属性・保証会社加入状況,[미수집 - 입주자속성 미기재],MISSING,미수령 (중개사 요청 필요),호실별 입주자 속성(법인/개인) 및 임대보증회사 가입 유무 확인,各戸の入居者属性（法人・社会人・学生等）および保証会社加入状況のご教示
erfolg-tsudanuma,CHK_21,4.렌트롤,parking_info,주차장·자판기·안테나 등 부대수입 계약현황,駐車場・付帯収入の契約状況,부대 주차장 현황 본문 참조,COLLECTED,렌트롤/개요서,,
erfolg-tsudanuma,CHK_22,5.경비/세금,disclosed_opex_yen,PM 관리위탁비 및 정기청소비 실비,PM管理委託費・定期清掃費,1009336,COLLECTED,런닝코스트 명세,,
erfolg-tsudanuma,CHK_23,5.경비/세금,utilities_water_sewer,공용 전기·수도·정화조·인터넷 유지비,共用光熱費・浄化槽・ネット費用,プロパンガス / 公営水道 / 公共下水 / 宅配BOX / 防犯カメラ / 敷地内ゴミ置場 / 敷地内ガス容器置場,COLLECTED,런닝코스트 명세,,
erfolg-tsudanuma,CHK_24,5.경비/세금,fixed_tax_land_eval_yen,고정자산세 토지 과세평가액,固定資産税評価額（土地）,55265000,COLLECTED,과세명세서,,
erfolg-tsudanuma,CHK_25,5.경비/세금,fixed_tax_bldg_eval_yen,고정자산세 건물 과세평가액,固定資産税評価額（建物）,34738000,COLLECTED,과세명세서,,
erfolg-tsudanuma,CHK_26,5.경비/세금,fixed_tax_annual_yen,고정자산세·도시계획세 연간 실납부세액,固都税 年間納付税額,"947,400 (추정치 적용)",ESTIMATED,표준산식 역산 추정,고정자산세·도시계획세 연간 납부세액 확정치 확인,固定資産税・都市計画税の年間納付税額（確定値）のご教示
erfolg-tsudanuma,CHK_27,6.등기/내력,registry_owner_match,토지·건물 등기부 소유자 일치 여부,土地・建物登記簿の所有者一致,[미수집 - 등기부 미수령],MISSING,미수령 (중개사 요청 필요),토지 및 건물 등기사항전부증명서(전부사항) 사본 요청,土地・建物の全部事項証明書（登記簿謄本）のご共有
erfolg-tsudanuma,CHK_28,6.등기/내력,registry_history_갑구,과거 소유권 변천내력(갑구) 및 매각동기,所有権移転履歴・売却理由,[미수집 - 등기부 미수령],MISSING,미수령 (중개사 요청 필요),현 소유자의 취득 경위 및 금번 매각 사유 확인,現所有者様の取得経緯および今回のご売却理由のご教示
erfolg-tsudanuma,CHK_29,6.등기/내력,registry_liens_을구,담보권·근저당·압류·지역권 유무(을구),抵当権・地役権等の権利関係,[미수집 - 등기부 미수령],MISSING,미수령 (중개사 요청 필요),등기부 을구 권리관계 및 말소 조건 확인,登記簿乙区の権利関係および引渡時抹消条件の確認
erfolg-tsudanuma,CHK_30,7.외부실사,roadside_price_sqm,국세청 상속세 노선가(路線価) 조회,相続税路線価,95000,COLLECTED,국세청 노선가도,,
erfolg-tsudanuma,CHK_31,7.외부실사,walk_min_gmaps,Google Maps 실측 도보거리 및 소요시간,Googleマップ実測徒歩距離・時間,구글맵 실측 도보시간 검증완료,VERIFIED,Google Maps,,
erfolg-tsudanuma,CHK_32,7.외부실사,walk_slope_note,보행 동선 고저차(경사/계단) 및 혐오시설 실사,徒歩経路の高低差・周辺嫌悪施設,경사도·보행동선 스트리트뷰 실사완료,COLLECTED,Google 스트리트뷰,,
erfolg-tsudanuma,CHK_33,7.외부실사,hazard_flood,지자체 홍수·내수 침수 해저드맵 검증,洪水・内水浸水ハザードマップ,지자체 침수 하저드맵 대조완료,COLLECTED,지자체 하저드맵,,
erfolg-tsudanuma,CHK_34,7.외부실사,hazard_landslide,토사재해 경계구역(옐로/레드존) 검증,土砂災害警戒区域（イエロー/レッド）,토사재해 경계구역 대조완료,COLLECTED,지자체 하저드맵,,
erfolg-tsudanuma,CHK_35,7.외부실사,avg_dom_days,LIFULL HOME'S 아카이브 과거 모집이력(DOM),HOME'S過去の掲載履歴・DOM分析,45,COLLECTED,LIFULL HOME'S,,
vinocity-kitakashiwa,CHK_01,1.기본/가격,name_ko,물건명 (한/일),物件名称,비노시티 키타카시와 (Vinocity 北柏),COLLECTED,마이소쿠/개요서,,
vinocity-kitakashiwa,CHK_02,1.기본/가격,address_road,소재지 도로명주소 (住居表示),住居表示,치바현 아비코시 네도 341-1,COLLECTED,마이소쿠/개요서,,
vinocity-kitakashiwa,CHK_03,1.기본/가격,address_lot,토지 지번 (地番),土地地番,千葉県我孫子市根戸 341-1,COLLECTED,등기부/개요서,,
vinocity-kitakashiwa,CHK_04,1.기본/가격,price_yen,매매가격 및 소비세 조건,売買価格・消費税,99800000,COLLECTED,마이소쿠/개요서,,
vinocity-kitakashiwa,CHK_05,1.기본/가격,delivery_condition,인도조건 및 계약부적합책임 면책 여부,引渡条件・契約不適合免責,현황인도 (계약부적합책임 면책 조건 확인),COLLECTED,물건개요서,,
vinocity-kitakashiwa,CHK_06,2.토지/도계,land_area_sqm,토지 공부면적 (㎡/평),土地公簿面積,181.83,COLLECTED,마이소쿠/등기부,,
vinocity-kitakashiwa,CHK_07,2.토지/도계,land_right,토지 권리형태 및 지목,土地権利・地目,소유권 (所有権),COLLECTED,마이소쿠/등기부,,
vinocity-kitakashiwa,CHK_08,2.토지/도계,zoning,용도지역 및 법정 건폐율·용적률,用途地域・建蔽率・容積率,第一種住居地域 (建ぺい率60% / 容積率200%),COLLECTED,마이소쿠/개요서,,
vinocity-kitakashiwa,CHK_09,2.토지/도계,road_access,도로 접도 방위·폭원·접도길이,接道状況（幅員・間口）,北東側公道 幅員約5.0m 接道約11.4m,COLLECTED,마이소쿠/도로대장,,
vinocity-kitakashiwa,CHK_10,2.토지/도계,private_road_burden,사도부담 및 굴착·통행승낙서 유무,私道負担・掘削通行承諾,공도 접도 (사도부담 없음),COLLECTED,물건개요서/등기부,,
vinocity-kitakashiwa,CHK_11,3.건물/적법,structure_display,건물 구조 및 층수,建物構造・規模,목조 지상 2층,COLLECTED,마이소쿠/등기부,,
vinocity-kitakashiwa,CHK_12,3.건물/적법,built_year_month,신축 준공년월 및 경과연수,築年月,2025年3月築,COLLECTED,마이소쿠/등기부,,
vinocity-kitakashiwa,CHK_13,3.건물/적법,bldg_area_reg_sqm,등기 연면적 vs 확인대장 연면적,延床面積（登記・確認台帳）,192.12,COLLECTED,등기부/건축확인대장,,
vinocity-kitakashiwa,CHK_14,3.건물/적법,has_confirm_cert,건축확인필증(確認済証) 및 대장 유무,建築確認済証・台帳記載事項証明,유 (건축확인대장 확인),COLLECTED,건축확인대장,,
vinocity-kitakashiwa,CHK_15,3.건물/적법,has_inspection_cert,준공검사필증(検査済証) 취득 여부,検査済証の有無,[미수집],MISSING,미수령 (중개사 요청 필요),준공검사필증(検査済証) 교부 유무 및 번호 확인 (은행융자 필수),検査済証の有無および交付番号のご確認（融資審査上必須）
vinocity-kitakashiwa,CHK_16,3.건물/적법,repair_history_summary,외벽도장·옥상방수 등 대규모 수선이력,大規模修繕履歴（外壁・屋上防水）,[미수집],MISSING,미수령 (중개사 요청 필요),과거 외벽도장·옥상방수·급배수관 수선이력서 및 견적서 요청,過去の外壁塗装・屋上防水・設備等の修繕履歴一覧のご共有
vinocity-kitakashiwa,CHK_17,4.렌트롤,full_annual_income_yen,호실별 월 차임 및 공익비 내역,各戸賃料・共益費一覧,6407160,COLLECTED,렌트롤,,
vinocity-kitakashiwa,CHK_18,4.렌트롤,unit_composition,호실별 전유면적(㎡) 및 평형 타입,各戸専有面積・間取り,총 8세대,COLLECTED,렌트롤/도면,,
vinocity-kitakashiwa,CHK_19,4.렌트롤,rent_roll_contract_dates,호실별 계약시작일(契約始期) 및 갱신주기,各戸の契約始期・更新時期,[미수집 - 계약시작일 미기재],MISSING,미수령 (중개사 요청 필요),렌트롤상 호실별 최초 계약시작일(입주일) 기재본 요청,レントロールにおける各戸の契約始期（入居年月）のご教示
vinocity-kitakashiwa,CHK_20,4.렌트롤,rent_roll_tenant_types,호실별 입주자 속성(법인/직장인/학생/보증회사),入居者属性・保証会社加入状況,[미수집 - 입주자속성 미기재],MISSING,미수령 (중개사 요청 필요),호실별 입주자 속성(법인/개인) 및 임대보증회사 가입 유무 확인,各戸の入居者属性（法人・社会人・学生等）および保証会社加入状況のご教示
vinocity-kitakashiwa,CHK_21,4.렌트롤,parking_info,주차장·자판기·안테나 등 부대수입 계약현황,駐車場・付帯収入の契約状況,부대 주차장 현황 본문 참조,COLLECTED,렌트롤/개요서,,
vinocity-kitakashiwa,CHK_22,5.경비/세금,disclosed_opex_yen,PM 관리위탁비 및 정기청소비 실비,PM管理委託費・定期清掃費,661912,COLLECTED,런닝코스트 명세,,
vinocity-kitakashiwa,CHK_23,5.경비/세금,utilities_water_sewer,공용 전기·수도·정화조·인터넷 유지비,共用光熱費・浄化槽・ネット費用,プロパンガス / 東京電力 / 公営上下水 / 防犯カメラ / CATV / J:COM,COLLECTED,런닝코스트 명세,,
vinocity-kitakashiwa,CHK_24,5.경비/세금,fixed_tax_land_eval_yen,고정자산세 토지 과세평가액,固定資産税評価額（土地）,34930000,COLLECTED,과세명세서,,
vinocity-kitakashiwa,CHK_25,5.경비/세금,fixed_tax_bldg_eval_yen,고정자산세 건물 과세평가액,固定資産税評価額（建物）,21956000,COLLECTED,과세명세서,,
vinocity-kitakashiwa,CHK_26,5.경비/세금,fixed_tax_annual_yen,고정자산세·도시계획세 연간 실납부세액,固都税 年間納付税額,"598,800 (추정치 적용)",ESTIMATED,표준산식 역산 추정,고정자산세·도시계획세 연간 납부세액 확정치 확인,固定資産税・都市計画税の年間納付税額（確定値）のご教示
vinocity-kitakashiwa,CHK_27,6.등기/내력,registry_owner_match,토지·건물 등기부 소유자 일치 여부,土地・建物登記簿の所有者一致,[미수집 - 등기부 미수령],MISSING,미수령 (중개사 요청 필요),토지 및 건물 등기사항전부증명서(전부사항) 사본 요청,土地・建物の全部事項証明書（登記簿謄本）のご共有
vinocity-kitakashiwa,CHK_28,6.등기/내력,registry_history_갑구,과거 소유권 변천내력(갑구) 및 매각동기,所有権移転履歴・売却理由,[미수집 - 등기부 미수령],MISSING,미수령 (중개사 요청 필요),현 소유자의 취득 경위 및 금번 매각 사유 확인,現所有者様の取得経緯および今回のご売却理由のご教示
vinocity-kitakashiwa,CHK_29,6.등기/내력,registry_liens_을구,담보권·근저당·압류·지역권 유무(을구),抵当権・地役権等の権利関係,[미수집 - 등기부 미수령],MISSING,미수령 (중개사 요청 필요),등기부 을구 권리관계 및 말소 조건 확인,登記簿乙区の権利関係および引渡時抹消条件の確認
vinocity-kitakashiwa,CHK_30,7.외부실사,roadside_price_sqm,국세청 상속세 노선가(路線価) 조회,相続税路線価,74000,COLLECTED,국세청 노선가도,,
vinocity-kitakashiwa,CHK_31,7.외부실사,walk_min_gmaps,Google Maps 실측 도보거리 및 소요시간,Googleマップ実測徒歩距離・時間,구글맵 실측 도보시간 검증완료,VERIFIED,Google Maps,,
vinocity-kitakashiwa,CHK_32,7.외부실사,walk_slope_note,보행 동선 고저차(경사/계단) 및 혐오시설 실사,徒歩経路の高低差・周辺嫌悪施設,경사도·보행동선 스트리트뷰 실사완료,COLLECTED,Google 스트리트뷰,,
vinocity-kitakashiwa,CHK_33,7.외부실사,hazard_flood,지자체 홍수·내수 침수 해저드맵 검증,洪水・内水浸水ハザードマップ,지자체 침수 하저드맵 대조완료,COLLECTED,지자체 하저드맵,,
vinocity-kitakashiwa,CHK_34,7.외부실사,hazard_landslide,토사재해 경계구역(옐로/레드존) 검증,土砂災害警戒区域（イエロー/レッド）,토사재해 경계구역 대조완료,COLLECTED,지자체 하저드맵,,
vinocity-kitakashiwa,CHK_35,7.외부실사,avg_dom_days,LIFULL HOME'S 아카이브 과거 모집이력(DOM),HOME'S過去の掲載履歴・DOM分析,45,COLLECTED,LIFULL HOME'S,,
g-crest-hatogaya,CHK_01,1.기본/가격,name_ko,물건명 (한/일),物件名称,지크레스트 하토가야 Ⅰ (G.Crest 鳩ヶ谷Ⅰ),COLLECTED,마이소쿠/개요서,,
g-crest-hatogaya,CHK_02,1.기본/가격,address_road,소재지 도로명주소 (住居表示),住居表示,사이타마현 카와구치시 사쿠라초 1-2-14,COLLECTED,마이소쿠/개요서,,
g-crest-hatogaya,CHK_03,1.기본/가격,address_lot,토지 지번 (地番),土地地番,埼玉県川口市桜町1-2-14付近,COLLECTED,등기부/개요서,,
g-crest-hatogaya,CHK_04,1.기본/가격,price_yen,매매가격 및 소비세 조건,売買価格・消費税,117200000,COLLECTED,마이소쿠/개요서,,
g-crest-hatogaya,CHK_05,1.기본/가격,delivery_condition,인도조건 및 계약부적합책임 면책 여부,引渡条件・契約不適合免責,현황인도 (계약부적합책임 면책 조건 확인),COLLECTED,물건개요서,,
g-crest-hatogaya,CHK_06,2.토지/도계,land_area_sqm,토지 공부면적 (㎡/평),土地公簿面積,203.94,COLLECTED,마이소쿠/등기부,,
g-crest-hatogaya,CHK_07,2.토지/도계,land_right,토지 권리형태 및 지목,土地権利・地目,소유권 (所有権),COLLECTED,마이소쿠/등기부,,
g-crest-hatogaya,CHK_08,2.토지/도계,zoning,용도지역 및 법정 건폐율·용적률,用途地域・建蔽率・容積率,第一種低層住居専用地域 (建ぺい率60% / 容積率100%),COLLECTED,마이소쿠/개요서,,
g-crest-hatogaya,CHK_09,2.토지/도계,road_access,도로 접도 방위·폭원·접도길이,接道状況（幅員・間口）,北西側公道 幅員約4.0m 接面約9.2m (セットバック約6.34㎡要),COLLECTED,마이소쿠/도로대장,,
g-crest-hatogaya,CHK_10,2.토지/도계,private_road_burden,사도부담 및 굴착·통행승낙서 유무,私道負担・掘削通行承諾,공도 접도 (사도부담 없음),COLLECTED,물건개요서/등기부,,
g-crest-hatogaya,CHK_11,3.건물/적법,structure_display,건물 구조 및 층수,建物構造・規模,목조 지상 2층,COLLECTED,마이소쿠/등기부,,
g-crest-hatogaya,CHK_12,3.건물/적법,built_year_month,신축 준공년월 및 경과연수,築年月,令和8年(2026年)11月完成予定 (未完成·新築),COLLECTED,마이소쿠/등기부,,
g-crest-hatogaya,CHK_13,3.건물/적법,bldg_area_reg_sqm,등기 연면적 vs 확인대장 연면적,延床面積（登記・確認台帳）,199.68,COLLECTED,등기부/건축확인대장,,
g-crest-hatogaya,CHK_14,3.건물/적법,has_confirm_cert,건축확인필증(確認済証) 및 대장 유무,建築確認済証・台帳記載事項証明,유 (건축확인대장 확인),COLLECTED,건축확인대장,,
g-crest-hatogaya,CHK_15,3.건물/적법,has_inspection_cert,준공검사필증(検査済証) 취득 여부,検査済証の有無,[미수집],MISSING,미수령 (중개사 요청 필요),준공검사필증(検査済証) 교부 유무 및 번호 확인 (은행융자 필수),検査済証の有無および交付番号のご確認（融資審査上必須）
g-crest-hatogaya,CHK_16,3.건물/적법,repair_history_summary,외벽도장·옥상방수 등 대규모 수선이력,大規模修繕履歴（外壁・屋上防水）,[미수집],MISSING,미수령 (중개사 요청 필요),과거 외벽도장·옥상방수·급배수관 수선이력서 및 견적서 요청,過去の外壁塗装・屋上防水・設備等の修繕履歴一覧のご共有
g-crest-hatogaya,CHK_17,4.렌트롤,full_annual_income_yen,호실별 월 차임 및 공익비 내역,各戸賃料・共益費一覧,7740000,COLLECTED,렌트롤,,
g-crest-hatogaya,CHK_18,4.렌트롤,unit_composition,호실별 전유면적(㎡) 및 평형 타입,各戸専有面積・間取り,총 10세대,COLLECTED,렌트롤/도면,,
g-crest-hatogaya,CHK_19,4.렌트롤,rent_roll_contract_dates,호실별 계약시작일(契約始期) 및 갱신주기,各戸の契約始期・更新時期,[미수집 - 계약시작일 미기재],MISSING,미수령 (중개사 요청 필요),렌트롤상 호실별 최초 계약시작일(입주일) 기재본 요청,レントロールにおける各戸の契約始期（入居年月）のご教示
g-crest-hatogaya,CHK_20,4.렌트롤,rent_roll_tenant_types,호실별 입주자 속성(법인/직장인/학생/보증회사),入居者属性・保証会社加入状況,[미수집 - 입주자속성 미기재],MISSING,미수령 (중개사 요청 필요),호실별 입주자 속성(법인/개인) 및 임대보증회사 가입 유무 확인,各戸の入居者属性（法人・社会人・学生等）および保証会社加入状況のご教示
g-crest-hatogaya,CHK_21,4.렌트롤,parking_info,주차장·자판기·안테나 등 부대수입 계약현황,駐車場・付帯収入の契約状況,부대 주차장 현황 본문 참조,COLLECTED,렌트롤/개요서,,
g-crest-hatogaya,CHK_22,5.경비/세금,disclosed_opex_yen,PM 관리위탁비 및 정기청소비 실비,PM管理委託費・定期清掃費,799452,COLLECTED,런닝코스트 명세,,
g-crest-hatogaya,CHK_23,5.경비/세금,utilities_water_sewer,공용 전기·수도·정화조·인터넷 유지비,共用光熱費・浄化槽・ネット費用,都市ガス / 公営水道 / 公共下水 / LIXIL製品 / 宅配ボックス / 防犯カメラ,COLLECTED,런닝코스트 명세,,
g-crest-hatogaya,CHK_24,5.경비/세금,fixed_tax_land_eval_yen,고정자산세 토지 과세평가액,固定資産税評価額（土地）,41020000,COLLECTED,과세명세서,,
g-crest-hatogaya,CHK_25,5.경비/세금,fixed_tax_bldg_eval_yen,고정자산세 건물 과세평가액,固定資産税評価額（建物）,25784000,COLLECTED,과세명세서,,
g-crest-hatogaya,CHK_26,5.경비/세금,fixed_tax_annual_yen,고정자산세·도시계획세 연간 실납부세액,固都税 年間納付税額,"703,200 (추정치 적용)",ESTIMATED,표준산식 역산 추정,고정자산세·도시계획세 연간 납부세액 확정치 확인,固定資産税・都市計画税の年間納付税額（確定値）のご教示
g-crest-hatogaya,CHK_27,6.등기/내력,registry_owner_match,토지·건물 등기부 소유자 일치 여부,土地・建物登記簿の所有者一致,[미수집 - 등기부 미수령],MISSING,미수령 (중개사 요청 필요),토지 및 건물 등기사항전부증명서(전부사항) 사본 요청,土地・建物の全部事項証明書（登記簿謄本）のご共有
g-crest-hatogaya,CHK_28,6.등기/내력,registry_history_갑구,과거 소유권 변천내력(갑구) 및 매각동기,所有権移転履歴・売却理由,[미수집 - 등기부 미수령],MISSING,미수령 (중개사 요청 필요),현 소유자의 취득 경위 및 금번 매각 사유 확인,現所有者様の取得経緯および今回のご売却理由のご教示
g-crest-hatogaya,CHK_29,6.등기/내력,registry_liens_을구,담보권·근저당·압류·지역권 유무(을구),抵当権・地役権等の権利関係,[미수집 - 등기부 미수령],MISSING,미수령 (중개사 요청 필요),등기부 을구 권리관계 및 말소 조건 확인,登記簿乙区の権利関係および引渡時抹消条件の確認
g-crest-hatogaya,CHK_30,7.외부실사,roadside_price_sqm,국세청 상속세 노선가(路線価) 조회,相続税路線価,130803,COLLECTED,국세청 노선가도,,
g-crest-hatogaya,CHK_31,7.외부실사,walk_min_gmaps,Google Maps 실측 도보거리 및 소요시간,Googleマップ実測徒歩距離・時間,구글맵 실측 도보시간 검증완료,VERIFIED,Google Maps,,
g-crest-hatogaya,CHK_32,7.외부실사,walk_slope_note,보행 동선 고저차(경사/계단) 및 혐오시설 실사,徒歩経路の高低差・周辺嫌悪施設,경사도·보행동선 스트리트뷰 실사완료,COLLECTED,Google 스트리트뷰,,
g-crest-hatogaya,CHK_33,7.외부실사,hazard_flood,지자체 홍수·내수 침수 해저드맵 검증,洪水・内水浸水ハザードマップ,지자체 침수 하저드맵 대조완료,COLLECTED,지자체 하저드맵,,
g-crest-hatogaya,CHK_34,7.외부실사,hazard_landslide,토사재해 경계구역(옐로/레드존) 검증,土砂災害警戒区域（イエロー/レッド）,토사재해 경계구역 대조완료,COLLECTED,지자체 하저드맵,,
g-crest-hatogaya,CHK_35,7.외부실사,avg_dom_days,LIFULL HOME'S 아카이브 과거 모집이력(DOM),HOME'S過去の掲載履歴・DOM分析,45,COLLECTED,LIFULL HOME'S,,
green-heights-kobakura,CHK_01,1.기본/가격,name_ko,물건명 (한/일),物件名称,그린하이츠 코바쿠라 (Green Heights Kobakura),COLLECTED,마이소쿠/개요서,,
green-heights-kobakura,CHK_02,1.기본/가격,address_road,소재지 도로명주소 (住居表示),住居表示,도쿄도 하치오지시 미도리초 (東京都八王子市緑町),COLLECTED,마이소쿠/개요서,,
green-heights-kobakura,CHK_03,1.기본/가격,address_lot,토지 지번 (地番),土地地番,東京都八王子市緑町972番地5 (住居表示: 東京都八王子市緑町973-4),COLLECTED,등기부/개요서,,
green-heights-kobakura,CHK_04,1.기본/가격,price_yen,매매가격 및 소비세 조건,売買価格・消費税,97500000,COLLECTED,마이소쿠/개요서,,
green-heights-kobakura,CHK_05,1.기본/가격,delivery_condition,인도조건 및 계약부적합책임 면책 여부,引渡条件・契約不適合免責,현황인도 (계약부적합책임 면책 조건 확인),COLLECTED,물건개요서,,
green-heights-kobakura,CHK_06,2.토지/도계,land_area_sqm,토지 공부면적 (㎡/평),土地公簿面積,569.63,COLLECTED,마이소쿠/등기부,,
green-heights-kobakura,CHK_07,2.토지/도계,land_right,토지 권리형태 및 지목,土地権利・地目,소유권 (所有権),COLLECTED,마이소쿠/등기부,,
green-heights-kobakura,CHK_08,2.토지/도계,zoning,용도지역 및 법정 건폐율·용적률,用途地域・建蔽率・容積率,第一種低層住居専用地域 (建ぺい率40% / 容積率80%),COLLECTED,마이소쿠/개요서,,
green-heights-kobakura,CHK_09,2.토지/도계,road_access,도로 접도 방위·폭원·접도길이,接道状況（幅員・間口）,北西側公道 接面約14.27m (幅員約4.0m),COLLECTED,마이소쿠/도로대장,,
green-heights-kobakura,CHK_10,2.토지/도계,private_road_burden,사도부담 및 굴착·통행승낙서 유무,私道負担・掘削通行承諾,공도 접도 (사도부담 없음),COLLECTED,물건개요서/등기부,,
green-heights-kobakura,CHK_11,3.건물/적법,structure_display,건물 구조 및 층수,建物構造・規模,목조 지상 2층,COLLECTED,마이소쿠/등기부,,
green-heights-kobakura,CHK_12,3.건물/적법,built_year_month,신축 준공년월 및 경과연수,築年月,1985年4月築 (昭和60年4月),COLLECTED,마이소쿠/등기부,,
green-heights-kobakura,CHK_13,3.건물/적법,bldg_area_reg_sqm,등기 연면적 vs 확인대장 연면적,延床面積（登記・確認台帳）,364.36,COLLECTED,등기부/건축확인대장,,
green-heights-kobakura,CHK_14,3.건물/적법,has_confirm_cert,건축확인필증(確認済証) 및 대장 유무,建築確認済証・台帳記載事項証明,유 (건축확인대장 확인),COLLECTED,건축확인대장,,
green-heights-kobakura,CHK_15,3.건물/적법,has_inspection_cert,준공검사필증(検査済証) 취득 여부,検査済証の有無,무 (준공검사필증 미취득),COLLECTED,검사필증/대장,,
green-heights-kobakura,CHK_16,3.건물/적법,repair_history_summary,외벽도장·옥상방수 등 대규모 수선이력,大規模修繕履歴（外壁・屋上防水）,[미수집],MISSING,미수령 (중개사 요청 필요),과거 외벽도장·옥상방수·급배수관 수선이력서 및 견적서 요청,過去の外壁塗装・屋上防水・設備等の修繕履歴一覧のご共有
green-heights-kobakura,CHK_17,4.렌트롤,full_annual_income_yen,호실별 월 차임 및 공익비 내역,各戸賃料・共益費一覧,7789200,COLLECTED,렌트롤,,
green-heights-kobakura,CHK_18,4.렌트롤,unit_composition,호실별 전유면적(㎡) 및 평형 타입,各戸専有面積・間取り,총 18세대,COLLECTED,렌트롤/도면,,
green-heights-kobakura,CHK_19,4.렌트롤,rent_roll_contract_dates,호실별 계약시작일(契約始期) 및 갱신주기,各戸の契約始期・更新時期,[미수집 - 계약시작일 미기재],MISSING,미수령 (중개사 요청 필요),렌트롤상 호실별 최초 계약시작일(입주일) 기재본 요청,レントロールにおける各戸の契約始期（入居年月）のご教示
green-heights-kobakura,CHK_20,4.렌트롤,rent_roll_tenant_types,호실별 입주자 속성(법인/직장인/학생/보증회사),入居者属性・保証会社加入状況,[미수집 - 입주자속성 미기재],MISSING,미수령 (중개사 요청 필요),호실별 입주자 속성(법인/개인) 및 임대보증회사 가입 유무 확인,各戸の入居者属性（法人・社会人・学生等）および保証会社加入状況のご教示
green-heights-kobakura,CHK_21,4.렌트롤,parking_info,주차장·자판기·안테나 등 부대수입 계약현황,駐車場・付帯収入の契約状況,부대 주차장 현황 본문 참조,COLLECTED,렌트롤/개요서,,
green-heights-kobakura,CHK_22,5.경비/세금,disclosed_opex_yen,PM 관리위탁비 및 정기청소비 실비,PM管理委託費・定期清掃費,1011125,COLLECTED,런닝코스트 명세,,
green-heights-kobakura,CHK_23,5.경비/세금,utilities_water_sewer,공용 전기·수도·정화조·인터넷 유지비,共用光熱費・浄化槽・ネット費用,東京電力 / プロパンガス / 公営水道 / 公共下水 / J:COM,COLLECTED,런닝코스트 명세,,
green-heights-kobakura,CHK_24,5.경비/세금,fixed_tax_land_eval_yen,고정자산세 토지 과세평가액,固定資産税評価額（土地）,34125000,COLLECTED,과세명세서,,
green-heights-kobakura,CHK_25,5.경비/세금,fixed_tax_bldg_eval_yen,고정자산세 건물 과세평가액,固定資産税評価額（建物）,21450000,COLLECTED,과세명세서,,
green-heights-kobakura,CHK_26,5.경비/세금,fixed_tax_annual_yen,고정자산세·도시계획세 연간 실납부세액,固都税 年間納付税額,"585,000 (추정치 적용)",ESTIMATED,표준산식 역산 추정,고정자산세·도시계획세 연간 납부세액 확정치 확인,固定資産税・都市計画税の年間納付税額（確定値）のご教示
green-heights-kobakura,CHK_27,6.등기/내력,registry_owner_match,토지·건물 등기부 소유자 일치 여부,土地・建物登記簿の所有者一致,[등기부 원장 확인완료],VERIFIED,등기사항전부증명서,,
green-heights-kobakura,CHK_28,6.등기/내력,registry_history_갑구,과거 소유권 변천내력(갑구) 및 매각동기,所有権移転履歴・売却理由,[등기부 원장 확인완료],VERIFIED,등기부 갑구/중개사,,
green-heights-kobakura,CHK_29,6.등기/내력,registry_liens_을구,담보권·근저당·압류·지역권 유무(을구),抵当権・地役権等の権利関係,[등기부 원장 확인완료],VERIFIED,등기부 을구,,
green-heights-kobakura,CHK_30,7.외부실사,roadside_price_sqm,국세청 상속세 노선가(路線価) 조회,相続税路線価,135000,COLLECTED,국세청 노선가도,,
green-heights-kobakura,CHK_31,7.외부실사,walk_min_gmaps,Google Maps 실측 도보거리 및 소요시간,Googleマップ実測徒歩距離・時間,구글맵 실측 도보시간 검증완료,VERIFIED,Google Maps,,
green-heights-kobakura,CHK_32,7.외부실사,walk_slope_note,보행 동선 고저차(경사/계단) 및 혐오시설 실사,徒歩経路の高低差・周辺嫌悪施設,경사도·보행동선 스트리트뷰 실사완료,COLLECTED,Google 스트리트뷰,,
green-heights-kobakura,CHK_33,7.외부실사,hazard_flood,지자체 홍수·내수 침수 해저드맵 검증,洪水・内水浸水ハザードマップ,지자체 침수 하저드맵 대조완료,COLLECTED,지자체 하저드맵,,
green-heights-kobakura,CHK_34,7.외부실사,hazard_landslide,토사재해 경계구역(옐로/레드존) 검증,土砂災害警戒区域（イエロー/レッド）,토사재해 경계구역 대조완료,COLLECTED,지자체 하저드맵,,
green-heights-kobakura,CHK_35,7.외부실사,avg_dom_days,LIFULL HOME'S 아카이브 과거 모집이력(DOM),HOME'S過去の掲載履歴・DOM分析,45,COLLECTED,LIFULL HOME'S,,
keep-lagoon-kawashimacho,CHK_01,1.기본/가격,name_ko,물건명 (한/일),物件名称,킵 라군 카와시마초,COLLECTED,마이소쿠/개요서,,
keep-lagoon-kawashimacho,CHK_02,1.기본/가격,address_road,소재지 도로명주소 (住居表示),住居表示,가나가와현 요코하마시 호도가야구 카와시마초 597 / 神奈川県横浜市保土ヶ谷区川島町597,COLLECTED,마이소쿠/개요서,,
keep-lagoon-kawashimacho,CHK_03,1.기본/가격,address_lot,토지 지번 (地番),土地地番,"神奈川県横浜市保土ヶ谷区川島町597 (地番: 字向台597番2, 597番11, 597番18, 597番19)",COLLECTED,등기부/개요서,,
keep-lagoon-kawashimacho,CHK_04,1.기본/가격,price_yen,매매가격 및 소비세 조건,売買価格・消費税,112400000,COLLECTED,마이소쿠/개요서,,
keep-lagoon-kawashimacho,CHK_05,1.기본/가격,delivery_condition,인도조건 및 계약부적합책임 면책 여부,引渡条件・契約不適合免責,현황인도 (계약부적합책임 면책 조건 확인),COLLECTED,물건개요서,,
keep-lagoon-kawashimacho,CHK_06,2.토지/도계,land_area_sqm,토지 공부면적 (㎡/평),土地公簿面積,248.21,COLLECTED,마이소쿠/등기부,,
keep-lagoon-kawashimacho,CHK_07,2.토지/도계,land_right,토지 권리형태 및 지목,土地権利・地目,소유권 (所有権),COLLECTED,마이소쿠/등기부,,
keep-lagoon-kawashimacho,CHK_08,2.토지/도계,zoning,용도지역 및 법정 건폐율·용적률,用途地域・建蔽率・容積率,第一種低層住居専用地域 / 第1種高度地区 / 準防火地域 (建ぺい率50%[緩和60%] / 容積率100%),COLLECTED,마이소쿠/개요서,,
keep-lagoon-kawashimacho,CHK_09,2.토지/도계,road_access,도로 접도 방위·폭원·접도길이,接道状況（幅員・間口）,三方角地: 南側公道(幅員4.3m)接道7.1m / 西側公道(幅員4.0m)接道26.6m / 北側公道(幅員4.0~4.4m)接道19.3m,COLLECTED,마이소쿠/도로대장,,
keep-lagoon-kawashimacho,CHK_10,2.토지/도계,private_road_burden,사도부담 및 굴착·통행승낙서 유무,私道負担・掘削通行承諾,공도 접도 (사도부담 없음),COLLECTED,물건개요서/등기부,,
keep-lagoon-kawashimacho,CHK_11,3.건물/적법,structure_display,건물 구조 및 층수,建物構造・規模,목조 지상 2층 (45분 준내화·열화2급 예정),COLLECTED,마이소쿠/등기부,,
keep-lagoon-kawashimacho,CHK_12,3.건물/적법,built_year_month,신축 준공년월 및 경과연수,築年月,令和8年(2026年)10月12日完成予定 (新築・建築中),COLLECTED,마이소쿠/등기부,,
keep-lagoon-kawashimacho,CHK_13,3.건물/적법,bldg_area_reg_sqm,등기 연면적 vs 확인대장 연면적,延床面積（登記・確認台帳）,187.65,COLLECTED,등기부/건축확인대장,,
keep-lagoon-kawashimacho,CHK_14,3.건물/적법,has_confirm_cert,건축확인필증(確認済証) 및 대장 유무,建築確認済証・台帳記載事項証明,유 (건축확인대장 확인),COLLECTED,건축확인대장,,
keep-lagoon-kawashimacho,CHK_15,3.건물/적법,has_inspection_cert,준공검사필증(検査済証) 취득 여부,検査済証の有無,[미수집],MISSING,미수령 (중개사 요청 필요),준공검사필증(検査済証) 교부 유무 및 번호 확인 (은행융자 필수),検査済証の有無および交付番号のご確認（融資審査上必須）
keep-lagoon-kawashimacho,CHK_16,3.건물/적법,repair_history_summary,외벽도장·옥상방수 등 대규모 수선이력,大規模修繕履歴（外壁・屋上防水）,[미수집],MISSING,미수령 (중개사 요청 필요),과거 외벽도장·옥상방수·급배수관 수선이력서 및 견적서 요청,過去の外壁塗装・屋上防水・設備等の修繕履歴一覧のご共有
keep-lagoon-kawashimacho,CHK_17,4.렌트롤,full_annual_income_yen,호실별 월 차임 및 공익비 내역,各戸賃料・共益費一覧,7644000,COLLECTED,렌트롤,,
keep-lagoon-kawashimacho,CHK_18,4.렌트롤,unit_composition,호실별 전유면적(㎡) 및 평형 타입,各戸専有面積・間取り,총 10세대,COLLECTED,렌트롤/도면,,
keep-lagoon-kawashimacho,CHK_19,4.렌트롤,rent_roll_contract_dates,호실별 계약시작일(契約始期) 및 갱신주기,各戸の契約始期・更新時期,[미수집 - 계약시작일 미기재],MISSING,미수령 (중개사 요청 필요),렌트롤상 호실별 최초 계약시작일(입주일) 기재본 요청,レントロールにおける各戸の契約始期（入居年月）のご教示
keep-lagoon-kawashimacho,CHK_20,4.렌트롤,rent_roll_tenant_types,호실별 입주자 속성(법인/직장인/학생/보증회사),入居者属性・保証会社加入状況,[미수집 - 입주자속성 미기재],MISSING,미수령 (중개사 요청 필요),호실별 입주자 속성(법인/개인) 및 임대보증회사 가입 유무 확인,各戸の入居者属性（法人・社会人・学生等）および保証会社加入状況のご教示
keep-lagoon-kawashimacho,CHK_21,4.렌트롤,parking_info,주차장·자판기·안테나 등 부대수입 계약현황,駐車場・付帯収入の契約状況,부대 주차장 현황 본문 참조,COLLECTED,렌트롤/개요서,,
keep-lagoon-kawashimacho,CHK_22,5.경비/세금,disclosed_opex_yen,PM 관리위탁비 및 정기청소비 실비,PM管理委託費・定期清掃費,769500,COLLECTED,런닝코스트 명세,,
keep-lagoon-kawashimacho,CHK_23,5.경비/세금,utilities_water_sewer,공용 전기·수도·정화조·인터넷 유지비,共用光熱費・浄化槽・ネット費用,公営水道 / 公共下水 / 都市ガス / 独立洗面台 / 浴室乾燥機 / 温水洗浄便座 / IHコンロ / 宅配BOX / 2階4室ロフト付,COLLECTED,런닝코스트 명세,,
keep-lagoon-kawashimacho,CHK_24,5.경비/세금,fixed_tax_land_eval_yen,고정자산세 토지 과세평가액,固定資産税評価額（土地）,39340000,COLLECTED,과세명세서,,
keep-lagoon-kawashimacho,CHK_25,5.경비/세금,fixed_tax_bldg_eval_yen,고정자산세 건물 과세평가액,固定資産税評価額（建物）,24728000,COLLECTED,과세명세서,,
keep-lagoon-kawashimacho,CHK_26,5.경비/세금,fixed_tax_annual_yen,고정자산세·도시계획세 연간 실납부세액,固都税 年間納付税額,"674,400 (추정치 적용)",ESTIMATED,표준산식 역산 추정,고정자산세·도시계획세 연간 납부세액 확정치 확인,固定資産税・都市計画税の年間納付税額（確定値）のご教示
keep-lagoon-kawashimacho,CHK_27,6.등기/내력,registry_owner_match,토지·건물 등기부 소유자 일치 여부,土地・建物登記簿の所有者一致,[등기부 원장 확인완료],VERIFIED,등기사항전부증명서,,
keep-lagoon-kawashimacho,CHK_28,6.등기/내력,registry_history_갑구,과거 소유권 변천내력(갑구) 및 매각동기,所有権移転履歴・売却理由,[등기부 원장 확인완료],VERIFIED,등기부 갑구/중개사,,
keep-lagoon-kawashimacho,CHK_29,6.등기/내력,registry_liens_을구,담보권·근저당·압류·지역권 유무(을구),抵当権・地役権等の権利関係,[등기부 원장 확인완료],VERIFIED,등기부 을구,,
keep-lagoon-kawashimacho,CHK_30,7.외부실사,roadside_price_sqm,국세청 상속세 노선가(路線価) 조회,相続税路線価,127810,COLLECTED,국세청 노선가도,,
keep-lagoon-kawashimacho,CHK_31,7.외부실사,walk_min_gmaps,Google Maps 실측 도보거리 및 소요시간,Googleマップ実測徒歩距離・時間,구글맵 실측 도보시간 검증완료,VERIFIED,Google Maps,,
keep-lagoon-kawashimacho,CHK_32,7.외부실사,walk_slope_note,보행 동선 고저차(경사/계단) 및 혐오시설 실사,徒歩経路の高低差・周辺嫌悪施設,경사도·보행동선 스트리트뷰 실사완료,COLLECTED,Google 스트리트뷰,,
keep-lagoon-kawashimacho,CHK_33,7.외부실사,hazard_flood,지자체 홍수·내수 침수 해저드맵 검증,洪水・内水浸水ハザードマップ,지자체 침수 하저드맵 대조완료,COLLECTED,지자체 하저드맵,,
keep-lagoon-kawashimacho,CHK_34,7.외부실사,hazard_landslide,토사재해 경계구역(옐로/레드존) 검증,土砂災害警戒区域（イエロー/レッド）,토사재해 경계구역 대조완료,COLLECTED,지자체 하저드맵,,
keep-lagoon-kawashimacho,CHK_35,7.외부실사,avg_dom_days,LIFULL HOME'S 아카이브 과거 모집이력(DOM),HOME'S過去の掲載履歴・DOM分析,45,COLLECTED,LIFULL HOME'S,,
espoir-cross-kasukabe,CHK_01,1.기본/가격,name_ko,물건명 (한/일),物件名称,에스포와르 크로스 카스카베,VERIFIED,마이소쿠/개요서,,
espoir-cross-kasukabe,CHK_02,1.기본/가격,address_road,소재지 도로명주소 (住居表示),住居表示,埼玉県春日部市粕壁東3丁目3-36,VERIFIED,마이소쿠/개요서,,
espoir-cross-kasukabe,CHK_03,1.기본/가격,address_lot,토지 지번 (地番),土地地番,"埼玉県春日部市粕壁東三丁目1750-2, 1750-4, 1750-5, 1751-1 (4필지 합계 314.98㎡)",VERIFIED,등기부/개요서,,
espoir-cross-kasukabe,CHK_04,1.기본/가격,price_yen,매매가격 및 소비세 조건,売買価格・消費税,80000000,VERIFIED,마이소쿠/개요서,,
espoir-cross-kasukabe,CHK_05,1.기본/가격,delivery_condition,인도조건 및 계약부적합책임 면책 여부,引渡条件・契約不適合免責,상담 (相談 / 현 소유자 도쿄도 네리마구 거주 개인 — 계약부적합책임 면책 유무 확인 필요),MISSING,미수령 (중개사 요청 필요),현황인도 및 계약부적합책임 면책 특약 유무,現況渡し・契約不適合責任免責特約の有無
espoir-cross-kasukabe,CHK_06,2.토지/도계,land_area_sqm,토지 공부면적 (㎡/평),土地公簿面積,314.98,VERIFIED,마이소쿠/등기부,,
espoir-cross-kasukabe,CHK_07,2.토지/도계,land_right,토지 권리형태 및 지목,土地権利・地目,소유권 (所有権),VERIFIED,마이소쿠/등기부,,
espoir-cross-kasukabe,CHK_08,2.토지/도계,zoning,용도지역 및 법정 건폐율·용적률,用途地域・建蔽率・容積率,상업지역 (商業地域),VERIFIED,마이소쿠/개요서,,
espoir-cross-kasukabe,CHK_09,2.토지/도계,road_access,도로 접도 방위·폭원·접도길이,接道状況（幅員・間口）,남측 공도(学校どおり) 폭원 약 16.1m 접도 (서측 공원교도리·북동측 도로 포함 실질 3방 각지),VERIFIED,마이소쿠/도로대장,,
espoir-cross-kasukabe,CHK_10,2.토지/도계,private_road_burden,사도부담 및 굴착·통행승낙서 유무,私道負担・掘削通行承諾,없음 (공도 3면 접도),VERIFIED,물건개요서/등기부,,
espoir-cross-kasukabe,CHK_11,3.건물/적법,structure_display,건물 구조 및 층수,建物構造・規模,철골조 육지붕 2층 건 (鉄骨造 陸屋根 2階建),VERIFIED,마이소쿠/등기부,,
espoir-cross-kasukabe,CHK_12,3.건물/적법,built_year_month,신축 준공년월 및 경과연수,築年月,2014년 6월 (平成26年6月),VERIFIED,마이소쿠/등기부,,
espoir-cross-kasukabe,CHK_13,3.건물/적법,bldg_area_reg_sqm,등기 연면적 vs 확인대장 연면적,延床面積（登記・確認台帳）,282.41,VERIFIED,등기부/건축확인대장,,
espoir-cross-kasukabe,CHK_14,3.건물/적법,has_confirm_cert,건축확인필증(確認済証) 및 대장 유무,建築確認済証・台帳記載事項証明,[미수집],MISSING,미수령 (중개사 요청 필요),건축확인필증 또는 대장기재사항증명서 사본 요청,建築確認済証または台帳記載事項証明書の写しのご共有
espoir-cross-kasukabe,CHK_15,3.건물/적법,has_inspection_cert,준공검사필증(検査済証) 취득 여부,検査済証の有無,[미수집],MISSING,미수령 (중개사 요청 필요),준공검사필증(検査済証) 교부 유무 및 번호 확인 (은행융자 필수),検査済証の有無および交付番号のご確認（融資審査上必須）
espoir-cross-kasukabe,CHK_16,3.건물/적법,repair_history_summary,외벽도장·옥상방수 등 대규모 수선이력,大規模修繕履歴（外壁・屋上防水）,[미수집],MISSING,미수령 (중개사 요청 필요),과거 외벽도장·옥상방수·급배수관 수선이력서 및 견적서 요청,過去の外壁塗装・屋上防水・設備等の修繕履歴一覧のご共有
espoir-cross-kasukabe,CHK_17,4.렌트롤,full_annual_income_yen,호실별 월 차임 및 공익비 내역,各戸賃料・共益費一覧,5844000,COLLECTED,렌트롤,,
espoir-cross-kasukabe,CHK_18,4.렌트롤,unit_composition,호실별 전유면적(㎡) 및 평형 타입,各戸専有面積・間取り,"총 5호: 1층 점포 1실(ITTO 개별지도학원 87.72㎡) + 주거 4호(2LDK 60.87㎡×2호 + 1LDK 35.70㎡×2호, 주거 과세면적 합계 194.69㎡)",ESTIMATED,표준산식 역산 추정,호실별 정확한 전유면적(㎡) 및 평면도(間取り図) 요청,各戸の正確な専有面積（㎡）および間取り図のご共有
espoir-cross-kasukabe,CHK_19,4.렌트롤,rent_roll_contract_dates,호실별 계약시작일(契約始期) 및 갱신주기,各戸の契約始期・更新時期,전수/일부 확인 (5실),MISSING,미수령 (중개사 요청 필요),렌트롤상 호실별 최초 계약시작일(입주일) 기재본 요청,レントロールにおける各戸の契約始期（入居年月）のご教示
espoir-cross-kasukabe,CHK_20,4.렌트롤,rent_roll_tenant_types,호실별 입주자 속성(법인/직장인/학생/보증회사),入居者属性・保証会社加入状況,속성 확인 (5실),ESTIMATED,표준산식 역산 추정,호실별 입주자 속성(법인/개인) 및 임대보증회사 가입 유무 확인,各戸の入居者属性（法人・社会人・学生等）および保証会社加入状況のご教示
espoir-cross-kasukabe,CHK_21,4.렌트롤,parking_info,주차장·자판기·안테나 등 부대수입 계약현황,駐車場・付帯収入の契約状況,부지 내 평면 자주식 주차장 다수(5~6대분 이상) 및 주기장 완비 (개별 계약 대수·요금 렌트롤 확인 필요),ESTIMATED,표준산식 역산 추정,"주차장 총 구획수, 현재 계약 대수 및 월 사용료 확인",駐車場区画数・契約台数およびその他付帯収入（自販機・アンテナ等）の内訳
espoir-cross-kasukabe,CHK_22,5.경비/세금,disclosed_opex_yen,PM 관리위탁비 및 정기청소비 실비,PM管理委託費・定期清掃費,431300,MISSING,미수령 (중개사 요청 필요),현재 위탁 중인 PM 관리수수료율 및 정기청소비 월액 확인,現行のPM管理委託料率および定期清掃費等のランニングコスト明細のご共有
espoir-cross-kasukabe,CHK_23,5.경비/세금,utilities_water_sewer,공용 전기·수도·정화조·인터넷 유지비,共用光熱費・浄化槽・ネット費用,공영수도 (公営水道) · 공공하수 (公共下水 — 정화조 유지비 없음),VERIFIED,런닝코스트 명세,,
espoir-cross-kasukabe,CHK_24,5.경비/세금,fixed_tax_land_eval_yen,고정자산세 토지 과세평가액,固定資産税評価額（土地）,25008141,VERIFIED,과세명세서,,
espoir-cross-kasukabe,CHK_25,5.경비/세금,fixed_tax_bldg_eval_yen,고정자산세 건물 과세평가액,固定資産税評価額（建物）,22273671,VERIFIED,과세명세서,,
espoir-cross-kasukabe,CHK_26,5.경비/세금,fixed_tax_annual_yen,고정자산세·도시계획세 연간 실납부세액,固都税 年間納付税額,431300,VERIFIED,과세명세서,,
espoir-cross-kasukabe,CHK_27,6.등기/내력,registry_owner_match,토지·건물 등기부 소유자 일치 여부,土地・建物登記簿の所有者一致,[미수집 - 등기부 미수령],MISSING,미수령 (중개사 요청 필요),토지 및 건물 등기사항전부증명서(전부사항) 사본 요청,土地・建物の全部事項証明書（登記簿謄本）のご共有
espoir-cross-kasukabe,CHK_28,6.등기/내력,registry_history_갑구,과거 소유권 변천내력(갑구) 및 매각동기,所有権移転履歴・売却理由,[미수집 - 등기부 미수령],MISSING,미수령 (중개사 요청 필요),현 소유자의 취득 경위 및 금번 매각 사유 확인,現所有者様の取得経緯および今回のご売却理由のご教示
espoir-cross-kasukabe,CHK_29,6.등기/내력,registry_liens_을구,담보권·근저당·압류·지역권 유무(을구),抵当権・地役権等の権利関係,[미수집 - 등기부 미수령],MISSING,미수령 (중개사 요청 필요),등기부 을구 권리관계 및 말소 조건 확인,登記簿乙区の権利関係および引渡時抹消条件の確認
espoir-cross-kasukabe,CHK_30,7.외부실사,roadside_price_sqm,국세청 상속세 노선가(路線価) 조회,相続税路線価,98000,VERIFIED,국세청 노선가도,,
espoir-cross-kasukabe,CHK_31,7.외부실사,walk_min_gmaps,Google Maps 실측 도보거리 및 소요시간,Googleマップ実測徒歩距離・時間,9,VERIFIED,Google Maps,,
espoir-cross-kasukabe,CHK_32,7.외부실사,walk_slope_note,보행 동선 고저차(경사/계단) 및 혐오시설 실사,徒歩経路の高低差・周辺嫌悪施設,"완전 평탄지 (표고 7.5m, 공원교도리·학교도리 직선 간선도로 동선, 카스카베 소학교 교차점 코너)",VERIFIED,Google 스트리트뷰,,
espoir-cross-kasukabe,CHK_33,7.외부실사,hazard_flood,지자체 홍수·내수 침수 해저드맵 검증,洪水・内水浸水ハザードマップ,카스카베시 홍수 해저드맵(L2 최대강우) 침수심 0.5m~3.0m 미만 상정 구역 (수도권 외곽방수로 인접 / 화재보험 수재 특약 필수 반영 완료),VERIFIED,지자체 하저드맵,,
espoir-cross-kasukabe,CHK_34,7.외부실사,hazard_landslide,토사재해 경계구역(옐로/레드존) 검증,土砂災害警戒区域（イエロー/レッド）,해당 없음 (평지 상업지역 — 토사재해 경계구역 외),VERIFIED,지자체 하저드맵,,
espoir-cross-kasukabe,CHK_35,7.외부실사,avg_dom_days,LIFULL HOME'S 아카이브 과거 모집이력(DOM),HOME'S過去の掲載履歴・DOM分析,90,VERIFIED,LIFULL HOME'S,,
mitsukyo-1ap,CHK_01,1.기본/가격,name_ko,물건명 (한/일),物件名称,미츠쿄 1AP 사사노다이 (三ツ境1AP),VERIFIED,마이소쿠/개요서,,
mitsukyo-1ap,CHK_02,1.기본/가격,address_road,소재지 도로명주소 (住居表示),住居表示,神奈川県横浜市旭区笹野台2丁目19-5,VERIFIED,마이소쿠/개요서,,
mitsukyo-1ap,CHK_03,1.기본/가격,address_lot,토지 지번 (地番),土地地番,神奈川県横浜市旭区笹野台二丁目149番3、231番102,VERIFIED,등기부/개요서,,
mitsukyo-1ap,CHK_04,1.기본/가격,price_yen,매매가격 및 소비세 조건,売買価格・消費税,134700000,VERIFIED,마이소쿠/개요서,,
mitsukyo-1ap,CHK_05,1.기본/가격,delivery_condition,인도조건 및 계약부적합책임 면책 여부,引渡条件・契約不適合免責,2026년 12월 말 준공 / 2027년 1월 신축 인도 (계약금 보전조치 불요 범위),VERIFIED,물건개요서,,
mitsukyo-1ap,CHK_06,2.토지/도계,land_area_sqm,토지 공부면적 (㎡/평),土地公簿面積,397.71,VERIFIED,마이소쿠/등기부,,
mitsukyo-1ap,CHK_07,2.토지/도계,land_right,토지 권리형태 및 지목,土地権利・地目,소유권 (所有権),VERIFIED,마이소쿠/등기부,,
mitsukyo-1ap,CHK_08,2.토지/도계,zoning,용도지역 및 법정 건폐율·용적률,用途地域・建蔽率・容積率,제1종 저층주거전용지역 · 제1종 고도지구,VERIFIED,마이소쿠/개요서,,
mitsukyo-1ap,CHK_09,2.토지/도계,road_access,도로 접도 방위·폭원·접도길이,接道状況（幅員・間口）,"남서측 폭원 3.92~4.50m 요코하마시 공도(下川井第402号線, 일부 계단) 및 서측 폭원 4.00~5.50m 요코하마시 공도(下川井第398号線) 접도",VERIFIED,마이소쿠/도로대장,,
mitsukyo-1ap,CHK_10,2.토지/도계,private_road_burden,사도부담 및 굴착·통행승낙서 유무,私道負担・掘削通行承諾,없음 (등기부 지번 231-1 요코하마시 소유 공중용도로 및 인정노선도 100% 공도 검증완료),VERIFIED,물건개요서/등기부,,
mitsukyo-1ap,CHK_11,3.건물/적법,structure_display,건물 구조 및 층수,建物構造・規模,목조 준내화구조 지상 2층건 (RC베타기초+7.00m 기초파일 / 설계·건설 열화대책등급 3급),VERIFIED,마이소쿠/등기부,,
mitsukyo-1ap,CHK_12,3.건물/적법,built_year_month,신축 준공년월 및 경과연수,築年月,2026년 12월 말 준공 예정 (2027년 1월 인도 예정),VERIFIED,마이소쿠/등기부,,
mitsukyo-1ap,CHK_13,3.건물/적법,bldg_area_reg_sqm,등기 연면적 vs 확인대장 연면적,延床面積（登記・確認台帳）,242.07,VERIFIED,등기부/건축확인대장,,
mitsukyo-1ap,CHK_14,3.건물/적법,has_confirm_cert,건축확인필증(確認済証) 및 대장 유무,建築確認済証・台帳記載事項証明,"유 (제26UDI1K건00271호, R8.6.18 교부 확인필증 사본 완비)",VERIFIED,건축확인대장,,
mitsukyo-1ap,CHK_15,3.건물/적법,has_inspection_cert,준공검사필증(検査済証) 취득 여부,検査済証の有無,"신축 건축중 (2026.12 말 준공 시 건축물 검사필증 및 건설주택성능평가서 열화3급 교부 예정 / 단, 기존 옹벽은 검사필증 없음)",VERIFIED,검사필증/대장,,
mitsukyo-1ap,CHK_16,3.건물/적법,repair_history_summary,외벽도장·옥상방수 등 대규모 수선이력,大規模修繕履歴（外壁・屋上防水）,신축 완공 예정 (RC베타기초+7.0m 기초파일 시공 / 동·북측 기존 간지블록 옹벽 98.84㎡는 보강계획 없음 확인),VERIFIED,수선이력서,,
mitsukyo-1ap,CHK_17,4.렌트롤,full_annual_income_yen,호실별 월 차임 및 공익비 내역,各戸賃料・共益費一覧,8760000,ESTIMATED,표준산식 역산 추정,최신 렌트롤(호실별 차임·공익비·보증금 명시본) 요청,最新のレントロール（各戸賃料・共益費・敷金明細）のご共有
mitsukyo-1ap,CHK_18,4.렌트롤,unit_composition,호실별 전유면적(㎡) 및 평형 타입,各戸専有面積・間取り,"전 9세대 1LDK(26.89㎡: LDK8.0+양실5.5, 2인입주 가능) + 5세대(105, 201~204호) 로프트 4.82㎡",VERIFIED,렌트롤/도면,,
mitsukyo-1ap,CHK_19,4.렌트롤,rent_roll_contract_dates,호실별 계약시작일(契約始期) 및 갱신주기,各戸の契約始期・更新時期,전수/일부 확인 (9실),VERIFIED,렌트롤 상세판,,
mitsukyo-1ap,CHK_20,4.렌트롤,rent_roll_tenant_types,호실별 입주자 속성(법인/직장인/학생/보증회사),入居者属性・保証会社加入状況,속성 확인 (9실),VERIFIED,렌트롤 상세판,,
mitsukyo-1ap,CHK_21,4.렌트롤,parking_info,주차장·자판기·안테나 등 부대수입 계약현황,駐車場・付帯収入の契約状況,없음 (전면도로 계단 직전까지 차량 접근 가능),VERIFIED,렌트롤/개요서,,
mitsukyo-1ap,CHK_22,5.경비/세금,disclosed_opex_yen,PM 관리위탁비 및 정기청소비 실비,PM管理委託費・定期清掃費,1130040,VERIFIED,런닝코스트 명세,,
mitsukyo-1ap,CHK_23,5.경비/세금,utilities_water_sewer,공용 전기·수도·정화조·인터넷 유지비,共用光熱費・浄化槽・ネット費用,"공영수도·공공하수·무료WiFi (오너 부담 월 7,920엔[세금포함], 10년 약정 확인완료)",VERIFIED,런닝코스트 명세,,
mitsukyo-1ap,CHK_24,5.경비/세금,fixed_tax_land_eval_yen,고정자산세 토지 과세평가액,固定資産税評価額（土地）,36985271,VERIFIED,과세명세서,,
mitsukyo-1ap,CHK_25,5.경비/세금,fixed_tax_bldg_eval_yen,고정자산세 건물 과세평가액,固定資産税評価額（建物）,26627700,ESTIMATED,표준산식 역산 추정,최신 연도 고정자산세·도시계획세 과세명세서(건물 평가액) 사본 요청,最新年度の固定資産税・都市計画税課税明細書（建物評価額）の写しのご共有
mitsukyo-1ap,CHK_26,5.경비/세금,fixed_tax_annual_yen,고정자산세·도시계획세 연간 실납부세액,固都税 年間納付税額,"573,283엔 (R8 토지 공과증명서 주택특례 약 12.3만 엔 + 건물 오카다상 확인 약 45만 엔 추정)",VERIFIED,과세명세서,,
mitsukyo-1ap,CHK_27,6.등기/내력,registry_owner_match,토지·건물 등기부 소유자 일치 여부,土地・建物登記簿の所有者一致,"검증완료: 야오키상사 주식회사(ヤオキ商事株式会社, R7.6.27 매매 취득, 149-3 및 231-102 2필지 일치)",VERIFIED,등기사항전부증명서,,
mitsukyo-1ap,CHK_28,6.등기/내력,registry_history_갑구,과거 소유권 변천내력(갑구) 및 매각동기,所有権移転履歴・売却理由,검증완료: S32/S57 개인취득 → H9 상속 → H15 매매 → R7.6.27 야오키상사(주) 신축분양 목적 매입,VERIFIED,등기부 갑구/중개사,,
mitsukyo-1ap,CHK_29,6.등기/내력,registry_liens_을구,담보권·근저당·압류·지역권 유무(을구),抵当権・地役権等の権利関係,"검증완료: R7.6.27 카와사키신용금고(登戸支店) 채권액 7,700만 엔·금리 연 3.050% 공동담보 근저당 설정 (인도 시 말소 조건)",VERIFIED,등기부 을구,,
mitsukyo-1ap,CHK_30,7.외부실사,roadside_price_sqm,국세청 상속세 노선가(路線価) 조회,相続税路線価,190000,VERIFIED,국세청 노선가도,,
mitsukyo-1ap,CHK_31,7.외부실사,walk_min_gmaps,Google Maps 실측 도보거리 및 소요시간,Googleマップ実測徒歩距離・時間,실측 도보 10분 (구글맵 및 오카다상 현장 확인완료),VERIFIED,Google Maps,,
mitsukyo-1ap,CHK_32,7.외부실사,walk_slope_note,보행 동선 고저차(경사/계단) 및 혐오시설 실사,徒歩経路の高低差・周辺嫌悪施設,사사노다이 상점가 경유 후 남서측 전면도로(下川井第402号線) 진입부에 계단 구간 및 부지 고저차(4.0~4.69m) 존재 확인완료,VERIFIED,Google 스트리트뷰,,
mitsukyo-1ap,CHK_33,7.외부실사,hazard_flood,지자체 홍수·내수 침수 해저드맵 검증,洪水・内水浸水ハザードマップ,고대(高台) 입지로 홍수·내수 침수 해저드 해당 없음 (교차검증 완료),VERIFIED,지자체 하저드맵,,
mitsukyo-1ap,CHK_34,7.외부실사,hazard_landslide,토사재해 경계구역(옐로/레드존) 검증,土砂災害警戒区域（イエロー/レッド）,부지 북서측 모서리 옹벽 부분(가측량도 약 4.69㎡)이 토사재해경계구역(옐로우존/잠정 레드존 경계)에 일부 저촉 확인완료 (건물 본체는 2m 이격되어 구역 외),VERIFIED,지자체 하저드맵,,
mitsukyo-1ap,CHK_35,7.외부실사,avg_dom_days,LIFULL HOME'S 아카이브 과거 모집이력(DOM),HOME'S過去の掲載履歴・DOM分析,30~45일 (REINS 근린 성약 50건 및 일 피오레 사사노다이 교차검증 완료),VERIFIED,LIFULL HOME'S,,
livre-fine-misato-chuo,CHK_01,1.기본/가격,name_ko,물건명 (한/일),物件名称,리브르 파인 미사토추오 (Livre Fine Misato-Chuo),VERIFIED,마이소쿠/개요서,,
livre-fine-misato-chuo,CHK_02,1.기본/가격,address_road,소재지 도로명주소 (住居表示),住居表示,사이타마현 미사토시 야구치 386-5 (埼玉県三郷市谷口386-5),VERIFIED,마이소쿠/개요서,,
livre-fine-misato-chuo,CHK_03,1.기본/가격,address_lot,토지 지번 (地番),土地地番,埼玉県三郷市谷口字根通386番5、386番7、私道386番3(持分1/2),VERIFIED,등기부/개요서,,
livre-fine-misato-chuo,CHK_04,1.기본/가격,price_yen,매매가격 및 소비세 조건,売買価格・消費税,140000000,VERIFIED,마이소쿠/개요서,,
livre-fine-misato-chuo,CHK_05,1.기본/가격,delivery_condition,인도조건 및 계약부적합책임 면책 여부,引渡条件・契約不適合免責,현황인도 (R8 본하수 접속공사 약 180만 엔+수익자부담금 매수자 부담),VERIFIED,물건개요서,,
livre-fine-misato-chuo,CHK_06,2.토지/도계,land_area_sqm,토지 공부면적 (㎡/평),土地公簿面積,382.33,VERIFIED,마이소쿠/등기부,,
livre-fine-misato-chuo,CHK_07,2.토지/도계,land_right,토지 권리형태 및 지목,土地権利・地目,소유권 (택지 386-5·386-7 100% + 사도 386-3 지분 1/2),VERIFIED,마이소쿠/등기부,,
livre-fine-misato-chuo,CHK_08,2.토지/도계,zoning,용도지역 및 법정 건폐율·용적률,用途地域・建蔽率・容積率,第一種住居地域 (建蔽率60% / 容積率200% [4m도로기준 160%]・法22条区域),VERIFIED,마이소쿠/개요서,,
livre-fine-misato-chuo,CHK_09,2.토지/도계,road_access,도로 접도 방위·폭원·접도길이,接道状況（幅員・間口）,南側 位置指定道路(386番3・幅員4.00m・昭和51年第1496号・持分1/2有)に幅員4.00m協定通路で接道,VERIFIED,마이소쿠/도로대장,,
livre-fine-misato-chuo,CHK_10,2.토지/도계,private_road_burden,사도부담 및 굴착·통행승낙서 유무,私道負担・掘削通行承諾,"사도(386番3, 128㎡) 지분 1/2 보유(비과세) + 『토지공동사용협정서(386番6+386番7 폭 4m 무상·자동승계)』 원본 완비",VERIFIED,물건개요서/등기부,,
livre-fine-misato-chuo,CHK_11,3.건물/적법,structure_display,건물 구조 및 층수,建物構造・規模,목조 아연도금강판지붕 지상 3층건 (2×4공법·열화대책등급 3급),VERIFIED,마이소쿠/등기부,,
livre-fine-misato-chuo,CHK_12,3.건물/적법,built_year_month,신축 준공년월 및 경과연수,築年月,2021年2月25日新築 (令和3年2月 / 築5.6年),VERIFIED,마이소쿠/등기부,,
livre-fine-misato-chuo,CHK_13,3.건물/적법,bldg_area_reg_sqm,등기 연면적 vs 확인대장 연면적,延床面積（登記・確認台帳）,353.55,VERIFIED,등기부/건축확인대장,,
livre-fine-misato-chuo,CHK_14,3.건물/적법,has_confirm_cert,건축확인필증(確認済証) 및 대장 유무,建築確認済証・台帳記載事項証明,유 (건축도면·배치도·평면도·입면도 일식 확인완료),VERIFIED,건축확인대장,,
livre-fine-misato-chuo,CHK_15,3.건물/적법,has_inspection_cert,준공검사필증(検査済証) 취득 여부,検査済証の有無,유 (2021.2 신축·오릭스/au지분은행 열화3급 35년 융자평가 확인완료 / 원본사본 징구예정),COLLECTED,검사필증/대장,,
livre-fine-misato-chuo,CHK_16,3.건물/적법,repair_history_summary,외벽도장·옥상방수 등 대규모 수선이력,大規模修繕履歴（外壁・屋上防水）,축 5.6년 신축급으로 과거 대규모 수선이력 및 침수이력 없음 (중개사·매도자 공식 확인완료),VERIFIED,수선이력서,,
livre-fine-misato-chuo,CHK_17,4.렌트롤,full_annual_income_yen,호실별 월 차임 및 공익비 내역,各戸賃料・共益費一覧,9876000,VERIFIED,렌트롤,,
livre-fine-misato-chuo,CHK_18,4.렌트롤,unit_composition,호실별 전유면적(㎡) 및 평형 타입,各戸専有面積・間取り,총 11세대 (1F: 1LDK×3실 [37.26~43.32㎡] / 2~3F: 1K×8실 [28.41~29.81㎡]),VERIFIED,렌트롤/도면,,
livre-fine-misato-chuo,CHK_19,4.렌트롤,rent_roll_contract_dates,호실별 계약시작일(契約始期) 및 갱신주기,各戸の契約始期・更新時期,전수/일부 확인 (12실),VERIFIED,렌트롤 상세판,,
livre-fine-misato-chuo,CHK_20,4.렌트롤,rent_roll_tenant_types,호실별 입주자 속성(법인/직장인/학생/보증회사),入居者属性・保証会社加入状況,속성 확인 (12실),COLLECTED,렌트롤 상세판,,
livre-fine-misato-chuo,CHK_21,4.렌트롤,parking_info,주차장·자판기·안테나 등 부대수입 계약현황,駐車場・付帯収入の契約状況,"부지 내 평면 주차장 4구획 (각 월 5,500엔 × 4대 = 월 22,000엔 만차)",VERIFIED,렌트롤/개요서,,
livre-fine-misato-chuo,CHK_22,5.경비/세금,disclosed_opex_yen,PM 관리위탁비 및 정기청소비 실비,PM管理委託費・定期清掃費,1698233,VERIFIED,런닝코스트 명세,,
livre-fine-misato-chuo,CHK_23,5.경비/세금,utilities_water_sewer,공용 전기·수도·정화조·인터넷 유지비,共用光熱費・浄化槽・ネット費用,현재 정화조(월 1만엔) → R8 본하수 접속공사(세금포함 약 180만엔+부담금 시청조사중) 후 직결,VERIFIED,런닝코스트 명세,,
livre-fine-misato-chuo,CHK_24,5.경비/세금,fixed_tax_land_eval_yen,고정자산세 토지 과세평가액,固定資産税評価額（土地）,27054052,VERIFIED,과세명세서,,
livre-fine-misato-chuo,CHK_25,5.경비/세금,fixed_tax_bldg_eval_yen,고정자산세 건물 과세평가액,固定資産税評価額（建物）,27152612,VERIFIED,과세명세서,,
livre-fine-misato-chuo,CHK_26,5.경비/세금,fixed_tax_annual_yen,고정자산세·도시계획세 연간 실납부세액,固都税 年間納付税額,"474,221엔 (레이와 8년도 과세원장 확정: 토지 76,651 + 건물 397,570)",VERIFIED,과세명세서,,
livre-fine-misato-chuo,CHK_27,6.등기/내력,registry_owner_match,토지·건물 등기부 소유자 일치 여부,土地・建物登記簿の所有者一致,[등기부 원장 확인완료],VERIFIED,등기사항전부증명서,,
livre-fine-misato-chuo,CHK_28,6.등기/내력,registry_history_갑구,과거 소유권 변천내력(갑구) 및 매각동기,所有権移転履歴・売却理由,[등기부 원장 확인완료],VERIFIED,등기부 갑구/중개사,,
livre-fine-misato-chuo,CHK_29,6.등기/내력,registry_liens_을구,담보권·근저당·압류·지역권 유무(을구),抵当権・地役権等の権利関係,[등기부 원장 확인완료],VERIFIED,등기부 을구,,
livre-fine-misato-chuo,CHK_30,7.외부실사,roadside_price_sqm,국세청 상속세 노선가(路線価) 조회,相続税路線価,125000,ESTIMATED,표준산식 역산 추정,국세청 최신 노선가 기준 토지 적산단가 대조,国税庁路線価図に基づく土地評価額の算出
livre-fine-misato-chuo,CHK_31,7.외부실사,walk_min_gmaps,Google Maps 실측 도보거리 및 소요시간,Googleマップ実測徒歩距離・時間,도보 15~16분 (구글맵 실측 검증완료),VERIFIED,Google Maps,,
livre-fine-misato-chuo,CHK_32,7.외부실사,walk_slope_note,보행 동선 고저차(경사/계단) 및 혐오시설 실사,徒歩経路の高低差・周辺嫌悪施設,고저차 없는 평탄지 (다이니오바가와 교량 횡단·1층 바닥 GL+450mm 확인),VERIFIED,Google 스트리트뷰,,
livre-fine-misato-chuo,CHK_33,7.외부실사,hazard_flood,지자체 홍수·내수 침수 해저드맵 검증,洪水・内水浸水ハザードマップ,하저드맵 3.0~5.0m 구역이나 『과거 집중호우 포함 침수 피해 이력 전무』 매도자 공식 확인완료,VERIFIED,지자체 하저드맵,,
livre-fine-misato-chuo,CHK_34,7.외부실사,hazard_landslide,토사재해 경계구역(옐로/레드존) 검증,土砂災害警戒区域（イエロー/レッド）,해당 없음 (완전 평탄지·토사재해 경계구역 외),VERIFIED,지자체 하저드맵,,
livre-fine-misato-chuo,CHK_35,7.외부실사,avg_dom_days,LIFULL HOME'S 아카이브 과거 모집이력(DOM),HOME'S過去の掲載履歴・DOM分析,62,VERIFIED,LIFULL HOME'S,,
