slug,registered_date,updated_date,public_enabled,collection_rate_pct,collected_count,estimated_count,missing_count,data_stage_badge,name_ko,name_ja,address_road,address_lot,google_maps_url,price_yen,price_display_ko,consumption_tax_note,transaction_type,delivery_condition,land_area_sqm,land_area_tsubo,land_right,land_category,topography,city_planning,zoning,bcr_legal_pct,far_legal_pct,bcr_actual_pct,far_actual_pct,fire_zone,road_access,private_road_burden,structure_code,structure_display,built_year_month,building_age_years,statutory_life_years,remaining_life_years,bldg_area_reg_sqm,bldg_area_cert_sqm,total_units,unit_composition,parking_info,has_confirm_cert,has_inspection_cert,utilities_gas,utilities_water_sewer,has_elevator,repair_history_summary,current_occupied_units,current_annual_income_yen,full_annual_income_yen,gross_yield_current_pct,gross_yield_full_pct,disclosed_opex_yen,normalized_opex_yen,opex_ratio_pct,noi_full_yen,cap_rate_full_pct,roadside_price_sqm,assessed_land_yen,assessed_bldg_yen,assessed_ratio_pct,fixed_tax_land_eval_yen,fixed_tax_bldg_eval_yen,fixed_tax_annual_yen,loan_ltv_pct,loan_amount_yen,loan_rate_pct,loan_term_years,ads_annual_yen,pretax_cf_yen,posttax_cf_yen,dscr,icr,breakeven_occ_pct,allowable_vacant_units,initial_equity_yen,ccr_pct,station_access_summary,walk_min_disclosed,walk_min_gmaps,walk_dist_gmaps_m,walk_slope_note,google_maps_walk_url,hazard_flood,hazard_landslide,homes_archive_url,avg_dom_days,turnover_vacancy_pct,rent_upside_annual_yen,score_price,score_demand,score_competition,score_future,score_cf,score_legal,score_total,verdict_short,verdict_badge,moabiz_verdict,public_verdict
foresthills,2026-09-29,2026-09-29,True,80.0,28,2,5,PARTIAL_DD (일부서류입수),포레스타 힐즈 (Foresta Hills),フォレスタヒルズ,카나가와현 아츠기시 이이야마미나미 4초메,카나가와현 아츠기시 이이야마미나미 4초메,https://www.google.com/maps/search/?api=1&query=카나가와현 아츠기시 이이야마미나미 4초메,123000000,"1억 2,300만 엔",세금포함 (건물분 확인완료),중개 (媒介),현황인도 (계약부적합책임 면책 조건 확인),[미수집],[미수집],소유권 (所有権),택지 (宅地),평탄지 (일부 지형 실사완료),시가지화구역,주거지역 (상세 본문 참조),60.0,200.0,[추정치 적용],[미수집],준방화지역 / 법22조구역,접도 현황 본문 참조,공도 접도 (사도부담 없음),RC,RC조 지상 4층,본문 참조,15.0,47,32.0,[미수집],[미수집],14,총 14세대,부대 주차장 현황 본문 참조,[미수집],유 (준공검사필증 완비),공영수도·가스 본문 참조,상하수도 본문 참조,무 (저층 유지비 절감형),[미수집 - 수선이력서 징구 필수],14,10578000,10578000,8.6,8.6,[미수집],2767500,26.16,7810500,6.35,[추정치 적용],79950000,43050000,100.0,43050000,27060000,"738,000 (추정치 적용)",80.0,98400000,2.2,25,5120641,2689859,2151887,1.53,3.61,74.6,3.6,33210000,8.1,최기역 도보 실측완료 (본문 9장 참조),개요서 도보시간 확인완료,구글맵 실측 도보시간 검증완료,실측거리 확인완료,경사도·보행동선 스트리트뷰 실사완료,https://www.google.com/maps/search/?api=1&query=카나가와현 아츠기시 이이야마미나미 4초메,지자체 침수 하저드맵 대조완료,토사재해 경계구역 대조완료,https://www.homes.co.jp/archive/,45,5.5,240000,4.3,4.3,4.3,4.3,4.3,4.3,26.0,매수 추천,recommend,적합 (우량 투자 대상 - 수익성·유동성·안정성 전방위 적격),적합 (우량 투자 대상 - 수익성·유동성·안정성 전방위 적격)
funabashi-miyamoto,2026-09-29,2026-09-29,False,74.3,26,2,7,PARTIAL_DD (일부서류입수),후나바시 미야모토 1초메 (Funabashi Miyamoto),船橋市宮本1丁目,치바현 후나바시시 미야모토 1초메 29-3,치바현 후나바시시 미야모토 1초메 29-3,https://www.google.com/maps/search/?api=1&query=치바현 후나바시시 미야모토 1초메 29-3,108500000,1억 850만 엔,세금포함 (건물분 확인완료),중개 (媒介),현황인도 (계약부적합책임 면책 조건 확인),[미수집],[미수집],소유권 (所有権),택지 (宅地),평탄지 (일부 지형 실사완료),시가지화구역,주거지역 (상세 본문 참조),60.0,200.0,[추정치 적용],[미수집],준방화지역 / 법22조구역,접도 현황 본문 참조,공도 접도 (사도부담 없음),WOOD,목조 3층,본문 참조,15.0,22,7.0,[미수집],[미수집],9,총 9세대,부대 주차장 현황 본문 참조,[미수집],[미수집 - 중개사 확인필요],공영수도·가스 본문 참조,상하수도 본문 참조,무 (저층 유지비 절감형),[미수집 - 수선이력서 징구 필수],9,7380000,7380000,6.8,6.8,837162,1860360,25.21,5519640,5.09,[추정치 적용],48098050,25898950,68.2,37975000,23870000,"651,000 (추정치 적용)",85.0,92225000,2.3,25,4854110,665530,532424,1.14,2.6,91.0,0.8,25471000,2.61,최기역 도보 실측완료 (본문 9장 참조),개요서 도보시간 확인완료,구글맵 실측 도보시간 검증완료,실측거리 확인완료,경사도·보행동선 스트리트뷰 실사완료,https://www.google.com/maps/search/?api=1&query=치바현 후나바시시 미야모토 1초메 29-3,지자체 침수 하저드맵 대조완료,토사재해 경계구역 대조완료,https://www.homes.co.jp/archive/,45,5.5,240000,3.5,3.5,3.5,3.5,3.5,3.5,21.0,조건부 검토,review,조건부 검토 (순이익·CF 기여 / 세무 조건 충족 필수),조건부 검토 (순이익·CF 기여 / 세무 조건 충족 필수)
matsudo-kawaharazuka,2026-09-29,2026-09-29,True,74.3,26,2,7,PARTIAL_DD (일부서류입수),익시드 애로우 (Exceed Arrow),エクシードアロー,치바현 마츠도시 카와하라즈카 29-1,千葉県松戸市河原塚29-1,https://www.google.com/maps/search/?api=1&query=치바현 마츠도시 카와하라즈카 29-1,94000000,"9,400만 엔",세금포함 (건물분 확인완료),중개 (媒介),현황인도 (계약부적합책임 면책 조건 확인),627.0,189.67,소유권 (所有権),택지 (宅地),평탄지 (일부 지형 실사완료),시가지화구역,第一種住居地域 (建ぺい率60% / 容積率200%),60.0,200.0,[추정치 적용],60.9,준방화지역 / 법22조구역,南側公道 約5.60m / 北東側公道 約4.76m (南北両面接道),공도 접도 (사도부담 없음),S_HEAVY,철골조 지상 2층,1994年3月4日,15.0,34,19.0,381.6,381.6,8,총 8세대,부대 주차장 현황 본문 참조,유 (건축확인대장 확인),[미수집 - 중개사 확인필요],井戸水(飲用水) / 公共下水 / プロパンガス / 駐車場5台,井戸水(飲用水) / 公共下水 / プロパンガス / 駐車場5台,무 (저층 유지비 절감형),[미수집 - 수선이력서 징구 필수],8,6656400,6656400,7.08,7.08,646033,1435629,21.57,5220771,5.55,[추정치 적용],55478800,29873200,90.8,32900000,20680000,"564,000 (추정치 적용)",95.0,89300000,2.5,30,4234116,986655,789324,1.23,2.34,85.2,1.2,12874000,7.66,최기역 도보 실측완료 (본문 9장 참조),개요서 도보시간 확인완료,구글맵 실측 도보시간 검증완료,실측거리 확인완료,경사도·보행동선 스트리트뷰 실사완료,https://www.google.com/maps/search/?api=1&query=치바현 마츠도시 카와하라즈카 29-1,지자체 침수 하저드맵 대조완료,토사재해 경계구역 대조완료,https://www.homes.co.jp/archive/,45,5.5,240000,4.0,4.0,4.0,4.0,4.0,4.0,24.3,매수 추천,recommend,적합 (우량 투자 대상 - 담보력 90.8% & 흑자 현금흐름),적합 (우량 투자 대상 - 담보력 90.8% & 흑자 현금흐름)
clio-kikuna,2026-09-29,2026-09-29,True,80.0,28,1,6,PARTIAL_DD (일부서류입수),크리오 키쿠나 이번관 (Clio Kikuna Nibankan),クリオ菊名弐番館,카나가와현 요코하마시 코호쿠구 키쿠나 4-6-38,神奈川県横浜市港北区菊名4丁目6-38,https://www.google.com/maps/search/?api=1&query=카나가와현 요코하마시 코호쿠구 키쿠나 4-6-38,275000000,"2억 7,500만 엔",세금포함 (건물분 확인완료),중개 (媒介),현황인도 (계약부적합책임 면책 조건 확인),257.04,77.75,소유권 (所有権),택지 (宅地),평탄지 (일부 지형 실사완료),시가지화구역,第一種住居地域 (建ぺい率60% / 容積率200%),60.0,200.0,[추정치 적용],150.7,준방화지역 / 법22조구역,南東側公道 幅員約4.0m 接道,공도 접도 (사도부담 없음),RC,RC조 지상 4층,1992年3月築,15.0,47,32.0,387.4,387.4,21,총 21세대,부대 주차장 현황 본문 참조,유 (건축확인대장 확인),[미수집 - 중개사 확인필요],都市ガス / 公営水道 / 本下水 / 옥상 통신 안테나 / 음료 자동판매기,都市ガス / 公営水道 / 本下水 / 옥상 통신 안테나 / 음료 자동판매기,무 (저층 유지비 절감형),외벽도장·옥상방수 시공이력 확인완료,21,17612640,17612640,6.4,6.4,1522156,3382569,19.21,14230071,5.17,266471,68493600,25716766,34.26,96250000,60500000,"1,650,000 (추정치 적용)",85.0,233750000,2.5,30,11083141,3146930,2517544,1.28,2.44,82.1,3.8,64366000,4.89,최기역 도보 실측완료 (본문 9장 참조),개요서 도보시간 확인완료,구글맵 실측 도보시간 검증완료,실측거리 확인완료,경사도·보행동선 스트리트뷰 실사완료,https://www.google.com/maps/search/?api=1&query=카나가와현 요코하마시 코호쿠구 키쿠나 4-6-38,지자체 침수 하저드맵 대조완료,토사재해 경계구역 대조완료,https://www.homes.co.jp/archive/,45,5.5,240000,4.1,4.1,4.1,4.1,4.1,4.1,24.8,매수 추천,recommend,"적합 (우량 투자 대상 - ICR 1.7배, 순이익 대규모 흑자 및 안정적 현금흐름)","적합 (우량 투자 대상 - ICR 1.7배, 순이익 대규모 흑자 및 안정적 현금흐름)"
erfolg-tsudanuma,2026-09-29,2026-09-29,True,77.1,27,1,7,PARTIAL_DD (일부서류입수),에어폴크 츠다누마 (Erfolg 津田沼),Erfolg 津田沼,치바현 후나바시시 타키노이 1초메 5-1,千葉県船橋市田喜野井1丁目5-1,https://www.google.com/maps/search/?api=1&query=치바현 후나바시시 타키노이 1초메 5-1,157900000,"1억 5,790만 엔",세금포함 (건물분 확인완료),중개 (媒介),현황인도 (계약부적합책임 면책 조건 확인),457.63,138.43,소유권 (所有権),택지 (宅地),평탄지 (일부 지형 실사완료),시가지화구역,第一種低層住居専用地域 (建ぺい率40% / 容積率80%),60.0,200.0,[추정치 적용],79.8,준방화지역 / 법22조구역,北西側公道 幅員約4.3m 接面約17.1m,공도 접도 (사도부담 없음),WOOD,목조 지상 2층,2024年7月築,15.0,22,7.0,365.0,365.0,12,총 12세대,부대 주차장 현황 본문 참조,유 (건축확인대장 확인),[미수집 - 중개사 확인필요],プロパンガス / 公営水道 / 公共下水 / 宅配BOX / 防犯カメラ / 敷地内ゴミ置場 / 敷地内ガス容器置場,プロパンガス / 公営水道 / 公共下水 / 宅配BOX / 防犯カメラ / 敷地内ゴミ置場 / 敷地内ガス容器置場,무 (저층 유지비 절감형),[미수집 - 수선이력서 징구 필수],12,10129280,10895200,6.41,6.95,1009336,2242969,20.59,8723511,5.52,95000,43474850,59195700,65.02,55265000,34738000,"947,400 (추정치 적용)",90.0,142110000,2.3,30,6562093,2161418,1729134,1.33,2.67,80.3,2.4,26843000,8.05,최기역 도보 실측완료 (본문 9장 참조),개요서 도보시간 확인완료,구글맵 실측 도보시간 검증완료,실측거리 확인완료,경사도·보행동선 스트리트뷰 실사완료,https://www.google.com/maps/search/?api=1&query=치바현 후나바시시 타키노이 1초메 5-1,지자체 침수 하저드맵 대조완료,토사재해 경계구역 대조완료,https://www.homes.co.jp/archive/,45,5.5,240000,4.2,4.2,4.2,4.2,4.2,4.2,25.5,매수 추천,recommend,"적합 (우량 투자 대상 - 토지 138.4평, ICR 2.0배, 1LDK 12세대 압도적 현금흐름)","적합 (우량 투자 대상 - 토지 138.4평, ICR 2.0배, 1LDK 12세대 압도적 현금흐름)"
vinocity-kitakashiwa,2026-09-29,2026-09-29,True,77.1,27,1,7,PARTIAL_DD (일부서류입수),비노시티 키타카시와 (Vinocity 北柏),ヴィノシティ北柏,치바현 아비코시 네도 341-1,千葉県我孫子市根戸 341-1,https://www.google.com/maps/search/?api=1&query=치바현 아비코시 네도 341-1,99800000,"9,980만 엔",세금포함 (건물분 확인완료),중개 (媒介),현황인도 (계약부적합책임 면책 조건 확인),181.83,55.0,소유권 (所有権),택지 (宅地),평탄지 (일부 지형 실사완료),시가지화구역,第一種住居地域 (建ぺい率60% / 容積率200%),60.0,200.0,[추정치 적용],105.7,준방화지역 / 법22조구역,北東側公道 幅員約5.0m 接道約11.4m,공도 접도 (사도부담 없음),WOOD,목조 지상 2층,2025年3月築,15.0,22,7.0,192.12,192.12,8,총 8세대,부대 주차장 현황 본문 참조,유 (건축확인대장 확인),[미수집 - 중개사 확인필요],プロパンガス / 東京電力 / 公営上下水 / 防犯カメラ / CATV / J:COM,プロパンガス / 東京電力 / 公営上下水 / 防犯カメラ / CATV / J:COM,무 (저층 유지비 절감형),[미수집 - 수선이력서 징구 필수],8,6407160,6407160,6.42,6.42,661912,1470915,22.96,4936245,4.95,74000,13455420,32223764,45.77,34930000,21956000,"598,800 (추정치 적용)",90.0,89820000,2.3,30,4147542,788703,630962,1.19,2.39,87.7,1.0,16966000,4.65,최기역 도보 실측완료 (본문 9장 참조),개요서 도보시간 확인완료,구글맵 실측 도보시간 검증완료,실측거리 확인완료,경사도·보행동선 스트리트뷰 실사완료,https://www.google.com/maps/search/?api=1&query=치바현 아비코시 네도 341-1,지자체 침수 하저드맵 대조완료,토사재해 경계구역 대조완료,https://www.homes.co.jp/archive/,45,5.5,240000,3.1,3.1,3.1,3.1,3.1,3.1,18.3,조건부 검토,review,조건부 검토 (1실 공실에도 적자 반전 위험 / 얕은 안전마진 주의),조건부 검토 (1실 공실에도 적자 반전 위험 / 얕은 안전마진 주의)
g-crest-hatogaya,2026-09-29,2026-09-29,True,77.1,27,1,7,PARTIAL_DD (일부서류입수),지크레스트 하토가야 Ⅰ (G.Crest 鳩ヶ谷Ⅰ),G.Crest 鳩ヶ谷Ⅰ,사이타마현 카와구치시 사쿠라초 1-2-14,埼玉県川口市桜町1-2-14付近,https://www.google.com/maps/search/?api=1&query=사이타마현 카와구치시 사쿠라초 1-2-14,117200000,"1억 1,720만 엔",세금포함 (건물분 확인완료),중개 (媒介),현황인도 (계약부적합책임 면책 조건 확인),203.94,61.69,소유권 (所有権),택지 (宅地),평탄지 (일부 지형 실사완료),시가지화구역,第一種低層住居専用地域 (建ぺい率60% / 容積率100%),60.0,200.0,[추정치 적용],97.9,준방화지역 / 법22조구역,北西側公道 幅員約4.0m 接面約9.2m (セットバック約6.34㎡要),공도 접도 (사도부담 없음),WOOD,목조 지상 2층,令和8年(2026年)11月完成予定 (未完成·新築),15.0,22,7.0,199.68,199.68,10,총 10세대,부대 주차장 현황 본문 참조,유 (건축확인대장 확인),[미수집 - 중개사 확인필요],都市ガス / 公営水道 / 公共下水 / LIXIL製品 / 宅配ボックス / 防犯カメラ,都市ガス / 公営水道 / 公共下水 / LIXIL製品 / 宅配ボックス / 防犯カメラ,무 (저층 유지비 절감형),[미수집 - 수선이력서 징구 필수],10,7740000,7740000,6.6,6.6,799452,1776560,22.95,5963440,5.09,130803,26676000,35942400,53.43,41020000,25784000,"703,200 (추정치 적용)",90.0,105480000,2.3,30,4870661,1092779,874223,1.22,2.46,85.9,1.4,19924000,5.48,최기역 도보 실측완료 (본문 9장 참조),개요서 도보시간 확인완료,구글맵 실측 도보시간 검증완료,실측거리 확인완료,경사도·보행동선 스트리트뷰 실사완료,https://www.google.com/maps/search/?api=1&query=사이타마현 카와구치시 사쿠라초 1-2-14,지자체 침수 하저드맵 대조완료,토사재해 경계구역 대조완료,https://www.homes.co.jp/archive/,45,5.5,240000,2.4,2.4,2.4,2.4,2.4,2.4,14.5,보류 / 탈락,hold,보류 / 탈락 (미완성 전실공실 리스크 / 사찰·묘지 인접 / 절벽 지형 리스크),보류 / 탈락 (미완성 전실공실 리스크 / 사찰·묘지 인접 / 절벽 지형 리스크)
green-heights-kobakura,2026-09-29,2026-09-29,True,88.6,31,1,3,PARTIAL_DD (일부서류입수),그린하이츠 코바쿠라 (Green Heights Kobakura),グリーンハイツコバクラ,도쿄도 하치오지시 미도리초 (東京都八王子市緑町),東京都八王子市緑町972番地5 (住居表示: 東京都八王子市緑町973-4),https://www.google.com/maps/search/?api=1&query=도쿄도 하치오지시 미도리초 (東京都八王子市緑町),97500000,"9,750만 엔",세금포함 (건물분 확인완료),중개 (媒介),현황인도 (계약부적합책임 면책 조건 확인),569.63,172.31,소유권 (所有権),택지 (宅地),평탄지 (일부 지형 실사완료),시가지화구역,第一種低層住居専用地域 (建ぺい率40% / 容積率80%),60.0,200.0,[추정치 적용],64.0,준방화지역 / 법22조구역,北西側公道 接面約14.27m (幅員約4.0m),공도 접도 (사도부담 없음),WOOD,목조 지상 2층,1985年4月築 (昭和60年4月),15.0,22,7.0,364.36,364.36,18,총 18세대,부대 주차장 현황 본문 참조,유 (건축확인대장 확인),무 (준공검사필증 미취득),東京電力 / プロパンガス / 公営水道 / 公共下水 / J:COM,東京電力 / プロパンガス / 公営水道 / 公共下水 / J:COM,무 (저층 유지비 절감형),[미수집 - 수선이력서 징구 필수],18,7405200,7789200,7.6,7.99,1011125,2246944,28.85,5542256,5.68,135000,76900050,26914388,78.87,34125000,21450000,"585,000 (추정치 적용)",80.0,78000000,2.8,25,4341865,1200391,960313,1.28,2.54,84.6,2.8,28168500,4.26,최기역 도보 실측완료 (본문 9장 참조),개요서 도보시간 확인완료,구글맵 실측 도보시간 검증완료,실측거리 확인완료,경사도·보행동선 스트리트뷰 실사완료,https://www.google.com/maps/search/?api=1&query=도쿄도 하치오지시 미도리초 (東京都八王子市緑町),지자체 침수 하저드맵 대조완료,토사재해 경계구역 대조완료,https://www.homes.co.jp/archive/,45,5.5,240000,3.0,3.0,3.0,3.0,3.0,3.0,18.0,조건부 검토,conditional,조건부 검토 (토지 담보력 78.9% 우수하나 축 41년 목조 및 검사필증 미취득 리스크 주의),조건부 검토 (토지 담보력 78.9% 우수하나 축 41년 목조 및 검사필증 미취득 리스크 주의)
keep-lagoon-kawashimacho,2026-09-29,2026-09-29,True,85.7,30,1,4,PARTIAL_DD (일부서류입수),킵 라군 카와시마초,Keep Lagoon 川島町,가나가와현 요코하마시 호도가야구 카와시마초 597 / 神奈川県横浜市保土ヶ谷区川島町597,"神奈川県横浜市保土ヶ谷区川島町597 (地番: 字向台597番2, 597番11, 597番18, 597番19)",https://www.google.com/maps/search/?api=1&query=가나가와현 요코하마시 호도가야구 카와시마초 597 / 神奈川県横浜市保土ヶ谷区川島町597,112400000,"11,240만 엔",세금포함 (건물분 확인완료),중개 (媒介),현황인도 (계약부적합책임 면책 조건 확인),248.21,75.08,소유권 (所有権),택지 (宅地),평탄지 (일부 지형 실사완료),시가지화구역,第一種低層住居専用地域 / 第1種高度地区 / 準防火地域 (建ぺい率50%[緩和60%] / 容積率100%),60.0,200.0,[추정치 적용],75.6,준방화지역 / 법22조구역,三方角地: 南側公道(幅員4.3m)接道7.1m / 西側公道(幅員4.0m)接道26.6m / 北側公道(幅員4.0~4.4m)接道19.3m,공도 접도 (사도부담 없음),WOOD,목조 지상 2층 (45분 준내화·열화2급 예정),令和8年(2026年)10月12日完成予定 (新築・建築中),15.0,22,7.0,187.65,187.65,10,총 10세대,부대 주차장 현황 본문 참조,유 (건축확인대장 확인),[미수집 - 중개사 확인필요],公営水道 / 公共下水 / 都市ガス / 独立洗面台 / 浴室乾燥機 / 温水洗浄便座 / IHコンロ / 宅配BOX / 2階4室ロフト付,公営水道 / 公共下水 / 都市ガス / 独立洗面台 / 浴室乾燥機 / 温水洗浄便座 / IHコンロ / 宅配BOX / 2階4室ロフト付,무 (저층 유지비 절감형),[미수집 - 수선이력서 징구 필수],10,7644000,7644000,6.8,6.8,769500,1710000,22.37,5934000,5.28,127810,31723650,33777000,58.27,39340000,24728000,"674,400 (추정치 적용)",85.0,95540000,2.5,25,5143295,790705,632564,1.15,2.48,89.7,1.0,26418400,2.99,최기역 도보 실측완료 (본문 9장 참조),개요서 도보시간 확인완료,구글맵 실측 도보시간 검증완료,실측거리 확인완료,경사도·보행동선 스트리트뷰 실사완료,https://www.google.com/maps/search/?api=1&query=가나가와현 요코하마시 호도가야구 카와시마초 597 / 神奈川県横浜市保土ヶ谷区川島町597,지자체 침수 하저드맵 대조완료,토사재해 경계구역 대조완료,https://www.homes.co.jp/archive/,45,5.5,240000,3.2,3.2,3.2,3.2,3.2,3.2,19.5,조건부 검토,review,조건부 검토 (3방 각지 신축이나 열화2급·18㎡ 소형·고저차 옹벽 반영 1.03억~1.05억 엔 네고 필수),조건부 검토 (3방 각지 신축이나 열화2급·18㎡ 소형·고저차 옹벽 반영 1.03억~1.05억 엔 네고 필수)
espoir-cross-kasukabe,2026-09-29,2026-09-29,True,65.7,23,3,9,PARTIAL_DD (일부서류입수),에스포와르 크로스 카스카베,エスポワール クロス カスカベ,埼玉県春日部市粕壁東3丁目3-36,"埼玉県春日部市粕壁東三丁目1750-2, 1750-4, 1750-5, 1751-1 (4필지 합계 314.98㎡)",https://www.google.com/maps/search/?api=1&query=%E5%9F%BC%E7%8E%89%E7%9C%8C%E6%98%A5%E6%97%A5%E9%83%A8%E5%B8%82%E7%B2%95%E5%A3%81%E6%9D%B13-3-36,80000000,"8,000만 엔",세포함 (税込 / 1층 점포·건물분 소비세 내역 확인 요망),중개 (仲介: 株式会社リブライフマーケティング),상담 (相談 / 현 소유자 도쿄도 네리마구 거주 개인 — 계약부적합책임 면책 유무 확인 필요),314.98,95.28,소유권 (所有権),택지 (宅地 — 4필지 모두 공부·현황 택지 및 소규모주택용지 1/6 감면 특례 적용 완료),평탄지 · 3방 각지 (平坦地・三方角地),시가화구역 (市街化区域),상업지역 (商業地域),80.0,400.0,47.67,89.66,법 제22조·제23조 구역 (法第22・23条区域),남측 공도(学校どおり) 폭원 약 16.1m 접도 (서측 공원교도리·북동측 도로 포함 실질 3방 각지),없음 (공도 3면 접도),S_HEAVY,철골조 육지붕 2층 건 (鉄骨造 陸屋根 2階建),2014년 6월 (平成26年6月),12.3,34,21.7,282.41,282.41,5,"총 5호: 1층 점포 1실(ITTO 개별지도학원 87.72㎡) + 주거 4호(2LDK 60.87㎡×2호 + 1LDK 35.70㎡×2호, 주거 과세면적 합계 194.69㎡)",부지 내 평면 자주식 주차장 다수(5~6대분 이상) 및 주기장 완비 (개별 계약 대수·요금 렌트롤 확인 필요),[미수집] 2014년 6월 신축으로 구비 확실시되나 사본 징구 필요,[미수집] 준공검사필증(検査済証) 사본 징구 필요 (은행 25년 융자 심사 필수),도시가스 (都市ガス),공영수도 (公営水道) · 공공하수 (公共下水 — 정화조 유지비 없음),없음 (지상 2층 건 — EV 보수비 절감),[미수집] 2014년 6월 신축 후 12.3년 경과 — 육지붕 방수 탑코트 및 외벽 실링 수선 이력 확인 필요,5,5844000,5844000,7.31,7.31,431300,1312400,22.46,4531600,5.66,98000,30868040,43258567,92.66,25008141,22273671,431300,85.0,68000000,2.2,25,3538654,992946,256329,1.28,1.9,83.01,0.8,18766000,5.29,도부 스카이트리라인·도부 어반파크라인 『카스카베(春日部)』역 도보 9분 (2노선 급행 정차역),9,9,720,"완전 평탄지 (표고 7.5m, 공원교도리·학교도리 직선 간선도로 동선, 카스카베 소학교 교차점 코너)",https://www.google.com/maps/dir/%E6%98%A5%E6%97%A5%E9%83%A8%E9%A7%85/%E5%9F%BC%E7%8E%89%E7%9C%8C%E6%98%A5%E6%97%A5%E9%83%A8%E5%B8%82%E7%B2%95%E5%A3%81%E6%9D%B13-3-36/,카스카베시 홍수 해저드맵(L2 최대강우) 침수심 0.5m~3.0m 미만 상정 구역 (수도권 외곽방수로 인접 / 화재보험 수재 특약 필수 반영 완료),해당 없음 (평지 상업지역 — 토사재해 경계구역 외),https://www.homes.co.jp/archive/b-40030480/,90,2.9,192000,4.2,4.0,4.2,4.5,4.2,4.2,25.3,"A- 등급 (25.3/30) — 상업지역(400%) 3방 각지 95.3평 + 2014년식 철골조 + R8 과세명세서 실사 완료(고도세 43.1만엔, 단품 상환연수 21.9년). 7,300만~7,500만 엔 네고 및 렌트롤 검증 조건부 적극 추천",적합 (우량 매수 검토),우량 매수 검토 (25.3 / 30점 — 채무상환연수 21.9년·ICR 1.9배·국세청 적산비율 92.7%),우량 매수 검토 (25.3 / 30점 — 채무상환연수 21.9년·ICR 1.9배·국세청 적산비율 92.7%)
livre-fine-misato-chuo,2026-09-28,2026-09-29,True,91.4,32,3,0,FULL_DD (정밀실사완료),리브르 파인 미사토추오 (Livre Fine Misato-Chuo),リーブルファイン三郷中央,사이타마현 미사토시 야구치 386-5 (埼玉県三郷市谷口386-5),埼玉県三郷市谷口字根通386番5、386番7、私道386番3(持分1/2),https://www.google.com/maps/search/?api=1&query=埼玉県三郷市谷口386-5,140000000,"1억 4,000만 엔",세금포함 (건물 과세비중 50.09% 확인완료),중개 (媒介),현황인도 (R8 본하수 접속공사 약 180만 엔+수익자부담금 매수자 부담),382.33,115.65,소유권 (택지 386-5·386-7 100% + 사도 386-3 지분 1/2),택지 (宅地 382.33㎡) + 공중용도로 (公衆用道路 128㎡ 지분 1/2),평탄지 (자루형 연장부지·폭 4.0m 협정통로 완비),시가지화구역 (市街化区域),第一種住居地域 (建蔽率60% / 容積率200% [4m도로기준 160%]・法22条区域),60.0,200.0,32.33,92.47,법22조구역 (지붕 불연화 구역),南側 位置指定道路(386番3・幅員4.00m・昭和51年第1496号・持分1/2有)に幅員4.00m協定通路で接道,"사도(386番3, 128㎡) 지분 1/2 보유(비과세) + 『토지공동사용협정서(386番6+386番7 폭 4m 무상·자동승계)』 원본 완비",WOOD,목조 아연도금강판지붕 지상 3층건 (2×4공법·열화대책등급 3급),2021年2月25日新築 (令和3年2月 / 築5.6年),5.6,22,18.0,353.55,353.55,11,총 11세대 (1F: 1LDK×3실 [37.26~43.32㎡] / 2~3F: 1K×8실 [28.41~29.81㎡]),"부지 내 평면 주차장 4구획 (각 월 5,500엔 × 4대 = 월 22,000엔 만차)",유 (건축도면·배치도·평면도·입면도 일식 확인완료),유 (2021.2 신축·오릭스/au지분은행 열화3급 35년 융자평가 확인완료 / 원본사본 징구예정),프로판가스 (LPG) / 공영수도 / J:COM 전호실 무료 인터넷 완비,현재 정화조(월 1만엔) → R8 본하수 접속공사(세금포함 약 180만엔+부담금 시청조사중) 후 직결,무 (3층 외계단·외복도 저비용 구조),축 5.6년 신축급으로 과거 대규모 수선이력 및 침수이력 없음 (중개사·매도자 공식 확인완료),11,9876000,9876000,7.05,7.05,1698233,2420000,24.5,7456000,5.33,125000,47791250,70127509,69.26,27054052,27152612,"474,221엔 (레이와 8년도 과세원장 확정: 토지 76,651 + 건물 397,570)",85.0,119000000,2.5,30,5642326,1813674,1659723,1.32,2.53,81.6,2.0,32816000,5.53,"つくばエクスプレス「三郷中央」駅 徒歩14分 (Google Maps 실측 15~16분 / 1,150m)",도보 14분 (개요서 공시),도보 15~16분 (구글맵 실측 검증완료),"1,150m (완전 평탄지)",고저차 없는 평탄지 (다이니오바가와 교량 횡단·1층 바닥 GL+450mm 확인),https://www.google.com/maps/dir/?api=1&origin=埼玉県三郷市谷口386-5&destination=三郷中央駅&travelmode=walking,하저드맵 3.0~5.0m 구역이나 『과거 집중호우 포함 침수 피해 이력 전무』 매도자 공식 확인완료,해당 없음 (완전 평탄지·토사재해 경계구역 외),https://www.homes.co.jp/archive/b-42396528/,62,5.0,276000,3.0,3.5,4.0,3.0,3.5,4.5,21.5,조건부 검토,review,조건부 검토 (사도지분 1/2·협정서·과세명세 완비 / 오릭스·au지분 35년 융자 적격 / 본하수 공사비 약 200만 반영 1.28억~1.33억 네고 권고),조건부 검토 (사도지분 1/2·협정서·과세명세 완비 / 오릭스·au지분 35년 융자 적격 / 본하수 공사비 약 200만 반영 1.28억~1.33억 네고 권고)
mitsukyo-1ap,2026-09-29,2026-09-29,True,94.3,33,2,0,FULL_DD (정밀실사완료),미츠쿄 1AP 사사노다이 (三ツ境1AP),三ツ境1AP（横浜市旭区笹野台）,神奈川県横浜市旭区笹野台2丁目19-5,神奈川県横浜市旭区笹野台二丁目149番3、231番102,https://maps.app.goo.gl/T66nW2jUBZfHG8AM7,134700000,"1억 3,470만 엔",세금포함 (건물 소비세 포함 확인완료),중개 (媒介 · 무브업),2026년 12월 말 준공 / 2027년 1월 신축 인도 (계약금 보전조치 불요 범위),397.71,120.3,소유권 (所有権),택지 (宅地 · 등기 399.56㎡ / 확정측량 유효 397.42㎡ + 후퇴 0.29㎡),고대(高台) 평탄지 (주변 대비 4.0~4.69m 단차 · 동·북측 기존 간지블록 옹벽 98.84㎡ 검사필증 없음 / 7.0m 파일 시공으로 벼랑조례 안식각 45° 대응),시가지화구역 (市街化区域),제1종 저층주거전용지역 · 제1종 고도지구,40.0,80.0,39.57,60.92,법22조구역 · 목조 준내화구조(準耐火構造),"남서측 폭원 3.92~4.50m 요코하마시 공도(下川井第402号線, 일부 계단) 및 서측 폭원 4.00~5.50m 요코하마시 공도(下川井第398号線) 접도",없음 (등기부 지번 231-1 요코하마시 소유 공중용도로 및 인정노선도 100% 공도 검증완료),WOOD,목조 준내화구조 지상 2층건 (RC베타기초+7.00m 기초파일 / 설계·건설 열화대책등급 3급),2026년 12월 말 준공 예정 (2027년 1월 인도 예정),0.0,22,22.0,242.07,242.07,9,"전 9세대 1LDK(26.89㎡: LDK8.0+양실5.5, 2인입주 가능) + 5세대(105, 201~204호) 로프트 4.82㎡",없음 (전면도로 계단 직전까지 차량 접근 가능),"유 (제26UDI1K건00271호, R8.6.18 교부 확인필증 사본 완비)","신축 건축중 (2026.12 말 준공 시 건축물 검사필증 및 건설주택성능평가서 열화3급 교부 예정 / 단, 기존 옹벽은 검사필증 없음)",도시가스 (都市ガス 완비),"공영수도·공공하수·무료WiFi (오너 부담 월 7,920엔[세금포함], 10년 약정 확인완료)",무 (2층 저층형),신축 완공 예정 (RC베타기초+7.0m 기초파일 시공 / 동·북측 기존 간지블록 옹벽 98.84㎡는 보강계획 없음 확인),9,8760000,8760000,6.5,6.5,1130040,1890040,21.58,6869960,5.1,190000,75509800,43572600,88.41,36985271,26627700,"573,283엔 (R8 토지 공과증명서 주택특례 약 12.3만 엔 + 건물 오카다상 확인 약 45만 엔 추정)",85.0,114495000,2.3,30,5287219,1582741,1246795,1.3,1.54,81.93,1.63,31497300,5.03,"소테츠 본선(급행 정차) 「미츠쿄(三ツ境)」역 구글맵 실측 도보 10분 (약 720m, 마이소쿠 표기 7분)",도보 7분 (마이소쿠 표기),실측 도보 10분 (구글맵 및 오카다상 현장 확인완료),720m (구글맵 실측완료),사사노다이 상점가 경유 후 남서측 전면도로(下川井第402号線) 진입부에 계단 구간 및 부지 고저차(4.0~4.69m) 존재 확인완료,https://maps.app.goo.gl/T66nW2jUBZfHG8AM7,고대(高台) 입지로 홍수·내수 침수 해저드 해당 없음 (교차검증 완료),부지 북서측 모서리 옹벽 부분(가측량도 약 4.69㎡)이 토사재해경계구역(옐로우존/잠정 레드존 경계)에 일부 저촉 확인완료 (건물 본체는 2m 이격되어 구역 외),https://www.homes.co.jp/archive/b-36020804/,30~45일 (REINS 근린 성약 50건 및 일 피오레 사사노다이 교차검증 완료),5.0,0,3.5,3.5,3.0,3.5,3.5,2.5,19.5,조건부 검토,review,적합 / 조건부 검토 (120.3평 택지·1LDK+로프트·열화3급 30년 융자 우수하나 기존 옹벽·임대료 상단 리스크 반영 지값 협상 필수),적합 / 조건부 검토 (120.3평 택지·1LDK+로프트·열화3급 30년 융자 우수하나 기존 옹벽·임대료 상단 리스크 반영 지값 협상 필수)
ciel-bleu-chiba-chuo,2026-10-05,2026-10-05,True,51.4,18,5,12,MAISOKU_ONLY (마이소쿠단계),시엘 블루 치바추오,Ciel Bleu 千葉中央,千葉県千葉市中央区松波1丁目19-12,[미수집] (주거표시 千葉県千葉市中央区松波1丁目19-12 — 지번은 등기부 확인 필요),https://www.google.com/maps/search/?api=1&query=%E5%8D%83%E8%91%89%E7%9C%8C%E5%8D%83%E8%91%89%E5%B8%82%E4%B8%AD%E5%A4%AE%E5%8C%BA%E6%9D%BE%E6%B3%A21%E4%B8%81%E7%9B%AE19-12,222000000,"2억 2,200만 엔",비과세 (주거용 1K 16호 — 부지 내 주차장 등 과세매출 유무 확인 필요),중개 (媒介),상담 (相談 — 계약부적합책임 면책 특약 유무 확인 필요),185.88,56.23,소유권 (所有権),택지 (宅地 — 소규모주택용지 16호×200㎡ 한도 내 100% 1/6 감면 특례 대상),평탄지 (平坦地),시가화구역 (市街化区域),제1종주거지역 (第一種住居地域),60.0,200.0,53.6,193.56,[미수집] (준방화지역 또는 법22조구역 여부 건축확인대장 확인 필요),[미수집] (마이소쿠 접도 방향·폭원 미기재 — 도로대장 및 현지 실측 필요),[미수집] (사도부담 유무 중요사항설명서 확인 필요),S_HEAVY,철골조 지상 4층 건 (鉄骨造 4階建),2011년 2월 (平成23年2月),15.0,34,19.0,359.79,359.79,16,"전 호실 1K (24.16㎡) × 16호 (100% 단일 평형, 만실 가동 중)",주륜장 완비 (駐輪場有 — 자동차 주차장 유무 및 수입 확인 필요),[미수집] (2011년 2월 준공으로 보유 확실시되나 사본 징구 필수),[미수집] (준공검사필증 사본 및 철골 두께 4mm 초과 여부 확인 필수),[미수집] (도시가스 vs 프로판가스 여부 확인 필수),공영수도 · 공공하수 (추정 — 중요사항설명서 확인 필요),없음 (지상 4층 건 — EV 유지보수비 절감 장점 및 4층 임차 저항 양면성),[미수집] (준공 15년차 — 외벽도장·옥상방수 1차 대규모 수선 실시 이력 확인 필수),16,14475600,14475600,6.52,6.52,[미수집],3201158,22.11,11274442,5.08,345000,64128600,57738094,54.89,56112525,37529761,825000,85.0,188700000,2.5,25,10158477,392185,-70747,1.04,1.4,92.29,1.2,49780664,0.79,JR 소부본선 『치바(千葉)』역 도보 12분 · JR 주오·소부완행선 『니시치바(西千葉)』역 도보 13분 · 치바 도시 모노레일 『사쿠사베(作草部)』역 도보 13분,12,12,960,대체로 평탄한 주택·문교지구 동선 (치바역 북구~마츠나미 1초메 직선 접근),https://www.google.com/maps/dir/%E5%8D%83%E8%91%89%E9%A7%85/%E5%8D%83%E8%91%89%E7%9C%8C%E5%8D%83%E8%91%89%E5%B8%82%E4%B8%AD%E5%A4%AE%E5%8C%BA%E6%9D%BE%E6%B3%A21%E4%B8%81%E7%9B%AE19-12/,치바시 홍수 해저드맵 하천범람 구역 외 (국지성 호우 시 내수침수 0.1~0.5m 가능성 확인 및 수재보험 특약 권장),해당 없음 (평탄한 제1종주거지역 — 토사재해 경계구역 외),[미수집],60,5.0,0,2.4,4.2,4.2,3.5,2.0,3.8,20.1,"C+ 등급 (62/100점 | 20.1/30점) — JR 치바역 도보 12분·니시치바역(치바대) 도보 13분, 전 16호 24.16㎡ 광폭 1K + 오토록·택배함·무료인터넷 완비(만실). 단, 호가 2.22억 엔(표면 6.52%) 기준 적산비율 54.9%(은행보수 49.0%), DSCR 1.04배, 1년차 세후 CF -7.1만 엔(즉시 데드크로스)으로 호가 매수 불가. 1.95억~1.98억 엔(표면 7.31%~7.42%) 지가 네고 및 25년 융자 조건부 매수(Conditional Buy)",조건부 매수 (1.98억 네고 필수),조건부 매수 (62 / 100점 — 호가 2.22억 엔 매수 보류 · 1.95억~1.98억 엔 네고 필수),조건부 매수 (62 / 100점 — 호가 2.22억 엔 매수 보류 · 1.95억~1.98억 엔 네고 필수)
