slug,unit_no,floor,layout_type,area_sqm,occupancy_status,tenant_type,contract_start_date,tenure_years,monthly_rent_yen,monthly_common_fee_yen,monthly_other_yen,monthly_total_yen,market_target_rent_yen,rent_gap_upside_yen,estimated_dom_days,note
foresthills,101,,1K,30.29,입주,회사원,2022년 10월,,47000,4000,0,56500,47000,0,,
foresthills,102,,1K,30.29,입주,회사원,2022년 9월,,48000,4000,0,57500,48000,0,,
foresthills,103,,1K,30.29,입주,회사원,2025년 3월,,53000,4000,0,57000,53000,0,,
foresthills,105,,1K,30.29,입주,회사원,2023년 12월,,53000,4000,0,62500,53000,0,,
foresthills,201,,1K,30.29,입주,회사원,2026년 8월,,59000,4000,0,68500,59000,0,,
foresthills,202,,1K,30.29,입주,회사원,2015년 7월,,50000,3000,0,61800,50000,0,,
foresthills,203,,1K,30.29,입주,회사원,2007년 9월,,55000,4000,0,64500,55000,0,,
foresthills,205,,1K,30.29,입주,학생,2026년 1월,,55000,4000,0,59000,55000,0,,
foresthills,301,,1K,30.29,입주,회사원,2026년 3월,,55000,4000,0,59000,55000,0,,
foresthills,302,,1K,30.29,입주,회사원,2026년 3월,,60000,4000,0,64000,60000,0,,
foresthills,303,,1K,30.29,입주,회사원,2026년 2월,,53000,4000,0,62500,53000,0,,
foresthills,305,,1K,30.29,모집중,—,—,,61000,4000,0,70500,61000,0,,
foresthills,401,,1K,30.29,입주,회사원,2013년 2월,,52000,4000,0,61500,52000,0,,
foresthills,402,,1K,30.29,입주,회사원,2023년 3월,,51000,4000,0,60500,51000,0,,
foresthills,주차장,,1K,3.0,모집중,—,—,,0,0,0,16500,0,0,,
foresthills,101호,1F,1DK (30.29㎡),0.0,입주중,[미수집],2022.10,,47000,0,0,47000,47000,0,000,
foresthills,102호,1F,1DK (30.29㎡),0.0,입주중,[미수집],2022.09,,48000,0,0,48000,48000,0,000,
foresthills,103호,1F,1DK (30.29㎡),0.0,입주중,[미수집],2025.03,,53000,0,0,53000,53000,0,000,
foresthills,105호,1F,1DK (30.29㎡),0.0,입주중,[미수집],2023.12,,53000,0,0,53000,53000,0,000,
foresthills,201호,2F,1DK (30.29㎡),0.0,입주중,[미수집],2026.08,,59000,0,0,59000,59000,0,000,
foresthills,202호,2F,1DK (30.29㎡),0.0,입주중,[미수집],2015.07,,50000,0,0,50000,50000,0,000,
foresthills,203호,2F,1DK (30.29㎡),0.0,입주중,[미수집],2007.09,,55000,0,0,55000,55000,0,000,
foresthills,205호,2F,1DK (30.29㎡),0.0,입주중,[미수집],2026.01,,55000,0,0,55000,55000,0,000,
foresthills,301호,3F,1DK (30.29㎡),0.0,입주중,[미수집],2026.03,,55000,0,0,55000,55000,0,000,
foresthills,302호,3F,1DK (30.29㎡),0.0,입주중,[미수집],2026.03,,60000,0,0,60000,60000,0,000,
foresthills,303호,3F,1DK (30.29㎡),0.0,입주중,[미수집],2026.02,,53000,0,0,53000,53000,0,000,
foresthills,305호,3F,1DK (30.29㎡),0.0,입주중,[미수집],모집중,,61000,0,0,61000,61000,0,000,
foresthills,401호,4F,1DK (30.29㎡),0.0,입주중,[미수집],2013.02,,52000,0,0,52000,52000,0,000,
foresthills,402호,4F,1DK (30.29㎡),0.0,입주중,[미수집],2023.03,,51000,0,0,51000,51000,0,000,
matsudo-kawaharazuka,101,,1K,46.21,"¥62,000",[미수집],[미수집],,0,5000,0,67000,0,0,25,
matsudo-kawaharazuka,102,,1K,45.0,"¥67,000",[미수집],[미수집],,0,6000,0,73000,0,0,18,
matsudo-kawaharazuka,103,,1K,46.88,"¥60,000",[미수집],[미수집],,0,10000,0,70000,0,0,35,
matsudo-kawaharazuka,105,,1K,45.21,"¥58,000",[미수집],[미수집],,0,3000,0,61000,0,0,28,
matsudo-kawaharazuka,201,,1K,46.21,"¥63,000",[미수집],[미수집],,0,10000,0,73000,0,0,22,
matsudo-kawaharazuka,202,,1K,45.0,"¥63,000",[미수집],[미수집],,0,3000,0,66000,0,0,30,
matsudo-kawaharazuka,203,,1K,47.88,"¥60,000",[미수집],[미수집],,0,9700,0,69700,0,0,20,
matsudo-kawaharazuka,205,,1K,47.88,"¥63,000",[미수집],[미수집],,0,12000,0,75000,0,0,24,
clio-kikuna,101,1층,1K,16.24,입주중,[미수집],[미수집],,59000,5000,0,64000,59000,0,22,
clio-kikuna,102,1층,1K,16.24,입주중,[미수집],[미수집],,60000,5000,0,65000,60000,0,20,
clio-kikuna,103,1층,1K,16.5,입주중,[미수집],[미수집],,61000,5000,0,66000,61000,0,25,
clio-kikuna,105,1층,1K,17.1,입주중,[미수집],[미수집],,63000,5000,0,68000,63000,0,18,
clio-kikuna,106,1층,1K,18.2,입주중,[미수집],[미수집],,66000,5000,0,71000,66000,0,24,
clio-kikuna,201,2층,1K,16.24,입주중,[미수집],[미수집],,62000,5000,0,67000,62000,0,19,
clio-kikuna,202,2층,1K,16.24,입주중,[미수집],[미수집],,62000,5000,0,67000,62000,0,17,
clio-kikuna,203,2층,1K,16.5,입주중,[미수집],[미수집],,63000,5000,0,68000,63000,0,21,
clio-kikuna,205,2층,1K,17.1,입주중,[미수집],[미수집],,64000,5000,0,69000,64000,0,20,
clio-kikuna,206,2층,1K,18.2,입주중,[미수집],[미수집],,67000,5000,0,72000,67000,0,23,
clio-kikuna,301,3층,1K,16.24,입주중,[미수집],[미수집],,63000,5000,0,68000,63000,0,18,
clio-kikuna,302,3층,1K,16.24,입주중,[미수집],[미수집],,63000,5000,0,68000,63000,0,16,
clio-kikuna,303,3층,1K,16.5,입주중,[미수집],[미수집],,64000,5000,0,69000,64000,0,22,
clio-kikuna,305,3층,1K,17.1,입주중,[미수집],[미수집],,65000,5000,0,70000,65000,0,19,
clio-kikuna,306,3층,1K,18.2,입주중,[미수집],[미수집],,68000,5000,0,73000,68000,0,20,
clio-kikuna,401,4층,1K,16.24,입주중,[미수집],[미수집],,64000,5000,0,69000,64000,0,17,
clio-kikuna,402,4층,1K,16.24,입주중,[미수집],[미수집],,64000,5000,0,69000,64000,0,15,
clio-kikuna,403,4층,1K,16.5,입주중,[미수집],[미수집],,65000,5000,0,70000,65000,0,21,
clio-kikuna,405,4층,1K,17.1,입주중,[미수집],[미수집],,66000,5000,0,71000,66000,0,18,
clio-kikuna,406,4층,1K,18.2,입주중,[미수집],[미수집],,69000,5000,0,74000,69000,0,19,
clio-kikuna,407,4층,1K,18.5,입주중,[미수집],[미수집],,70000,5000,0,75000,70000,0,22,
clio-kikuna,옥상,옥상,1K,0.0,계약중,[미수집],[미수집],,40000,0,0,40000,40000,0,,
erfolg-tsudanuma,101~106호 (6실),1F,1LDK,30.4,5실 입주 / 1실 공실,[미수집],[미수집],,73000,0,0,74000,73000,0,40,
erfolg-tsudanuma,201~206호 (6실),2F,1LDK,30.4,6실 전실 입주완료,[미수집],[미수집],,76000,0,0,77322,76000,0,35,
green-heights-kobakura,1F,1F,1K,20.28,입주중,[미수집],[미수집],,5705,3000,0,8705,5705,0,45,
green-heights-kobakura,1F,1F,1K,20.28,입주중,[미수집],[미수집],,5379,3000,0,8379,5379,0,35,
green-heights-kobakura,1F,1F,1K,20.28,입주중,[미수집],[미수집],,6520,2000,0,8520,6520,0,50,
green-heights-kobakura,1F,1F,1K,20.28,입주중,[미수집],[미수집],,5216,3000,0,8216,5216,0,30,
green-heights-kobakura,1F,1F,1K,20.28,입주중,[미수집],[미수집],,5868,0,0,5868,5868,0,40,
green-heights-kobakura,1F,1F,1K,20.28,공실,[미수집],[미수집],,5216,3000,0,8216,5216,0,60,
green-heights-kobakura,1F,1F,1K,20.28,입주중,[미수집],[미수집],,6194,0,0,6194,6194,0,45,
green-heights-kobakura,1F,1F,1K,20.28,입주중,[미수집],[미수집],,5379,3000,0,8379,5379,0,35,
green-heights-kobakura,1F,1F,1K,20.28,입주중,[미수집],[미수집],,5216,3000,0,8216,5216,0,30,
green-heights-kobakura,2F,2F,1K,20.28,입주중,[미수집],[미수집],,5379,3000,0,8379,5379,0,35,
green-heights-kobakura,2F,2F,1K,20.28,입주중,[미수집],[미수집],,5542,3000,0,8542,5542,0,40,
green-heights-kobakura,2F,2F,1K,20.28,입주중,[미수집],[미수집],,4890,3000,0,7890,4890,0,25,
green-heights-kobakura,2F,2F,1K,20.28,입주중,[미수집],[미수집],,5379,3000,0,8379,5379,0,35,
green-heights-kobakura,2F,2F,1K,20.28,입주중,[미수집],[미수집],,6520,0,0,6520,6520,0,55,
green-heights-kobakura,2F,2F,1K,20.28,입주중,[미수집],[미수집],,5705,0,0,5705,5705,0,40,
green-heights-kobakura,2F,2F,1K,20.28,입주중,[미수집],[미수집],,5868,3000,0,8868,5868,0,45,
green-heights-kobakura,2F,2F,1K,20.28,입주중,[미수집],[미수집],,5379,3000,0,8379,5379,0,35,
green-heights-kobakura,2F,2F,1K,20.28,입주중,[미수집],[미수집],,6683,2000,0,8683,6683,0,50,
green-heights-kobakura,극저가 호실 (203호),,1K,0.0,입주중,[미수집],[미수집],,30000,0,0,30000,30000,0,,
green-heights-kobakura,"저가 동결 호실 (105, 107, 111호)",,1K,0.0,입주중,[미수집],[미수집],,32000,0,0,32000,32000,0,,
green-heights-kobakura,"중저가 호실 (102, 110, 201, 205, 210호)",,1K,0.0,입주중,[미수집],[미수집],,33000,0,0,33000,33000,0,,
green-heights-kobakura,"준표준 호실 (101, 202호)",,1K,0.0,입주중,[미수집],[미수집],,34500,0,0,34500,34500,0,,
green-heights-kobakura,"리폼 완료 호실 (103, 106, 108, 206, 207, 208, 211)",,1K,0.0,입주중,[미수집],[미수집],,38700,0,0,38700,38700,0,,
green-heights-kobakura,Base Case (현황 가동 1실 공실),,1K,0.0,입주중,[미수집],[미수집],,1,0,0,1,1,0,,
green-heights-kobakura,Bear Case (3실 공실 및 20년 상환 단축),,1K,0.0,입주중,[미수집],[미수집],,3,0,0,3,3,0,,
livre-fine-misato-chuo,101호,1F,1LDK,43.32,입주,[미수집],[미수집],,79000,3000,0,82000,79000,0,13,남서 코너 최대 평형 (LDK 13.0帖 + 양실 4.5帖 + WIC) / 시키킨 1·레이킨 1
livre-fine-misato-chuo,102호,1F,1LDK,37.26,입주,[미수집],[미수집],,72000,3000,0,75000,72000,0,60,중호실 (LDK 10.4帖 + 양실 3.5帖 + WIC) / 남향 발코니
livre-fine-misato-chuo,103호,1F,1LDK,37.26,입주,[미수집],[미수집],,72000,3000,0,75000,72000,0,14,남동 코너 (LDK 10.4帖 + 양실 3.5帖 + WIC) / 시키킨 0·레이킨 1
livre-fine-misato-chuo,201호,2F,1K,28.41,입주,[미수집],[미수집],,65000,4000,0,69000,65000,0,55,계단실 인접 서측 코너 (양실 8.17帖 + K + CL)
livre-fine-misato-chuo,202호,2F,1K,29.81,입주,[미수집],[미수집],,67000,4000,0,71000,67000,0,55,중호실 광폭 1K (양실 9.0帖 + K 3.3帖 + CL)
livre-fine-misato-chuo,203호,2F,1K,29.81,입주,[미수집],[미수집],,67000,4000,0,71000,67000,0,55,중호실 광폭 1K (양실 9.0帖 + K 3.3帖 + CL)
livre-fine-misato-chuo,204호,2F,1K,29.81,입주,[미수집],[미수집],,70000,5000,0,75000,70000,0,18,동측 코너 (양실 9.0帖 + K 3.3帖) / 최근 성약 최고가 (퇴거 전 선행모집 성약)
livre-fine-misato-chuo,301호,3F,1K,28.41,입주,[미수집],[미수집],,66000,4000,0,70000,66000,0,50,최상층 서측 코너 (양실 8.17帖 + K + CL)
livre-fine-misato-chuo,302호,3F,1K,29.81,입주,[미수집],[미수집],,67000,4000,0,71000,67000,0,50,최상층 중호실 (양실 9.0帖 + K 3.3帖 + CL)
livre-fine-misato-chuo,303호,3F,1K,29.81,입주,[미수집],[미수집],,67000,4000,0,71000,67000,0,50,최상층 중호실 (양실 9.0帖 + K 3.3帖 + CL)
livre-fine-misato-chuo,304호,3F,1K,29.81,입주,[미수집],[미수집],,67000,4000,0,71000,67000,0,50,최상층 동측 코너 (양실 9.0帖 + K 3.3帖 + CL)
livre-fine-misato-chuo,주차장,평면,4구획,0.0,4/4대,[미수집],[미수집],,22000,0,0,22000,22000,0,,"1대당 월 5,500엔(세금포함) × 4구획 (HOME'S 204호 모집요강 확인)"
livre-fine-misato-chuo,103호,1F,1LDK (37.26㎡),0.0,입주중,[미수집],2023.12,,75000,0,0,75000,75000,0,000,
livre-fine-misato-chuo,101호,1F,1LDK (43.32㎡),0.0,입주중,[미수집],2024.11,,82000,0,0,82000,82000,0,100,
livre-fine-misato-chuo,204호,2F,1K (29.81㎡),0.0,입주중,[미수집],2025.08,,75000,0,0,75000,75000,0,500,
livre-fine-misato-chuo,기타 1K,2~3F,1K (28.4~29.8㎡),0.0,입주중,[미수집],2021.03 ~ 2024,,69000,0,0,69000,69000,0,1,
keep-lagoon-kawashimacho,101호,1층,1K,18.53,입주중,[미수집],[미수집],,63000,3000,0,18,63000,0,,
keep-lagoon-kawashimacho,102호,1층,1K,18.53,입주중,[미수집],[미수집],,62000,3000,0,18,62000,0,,
keep-lagoon-kawashimacho,103호,1층,1K,18.72,입주중,[미수집],[미수집],,62000,3000,0,18,62000,0,,
keep-lagoon-kawashimacho,104호,1층,1K,18.72,입주중,[미수집],[미수집],,62000,3000,0,18,62000,0,,
keep-lagoon-kawashimacho,105호,1층,1K,18.21,입주중,[미수집],[미수집],,63000,3000,0,18,63000,0,,
keep-lagoon-kawashimacho,201호,2층,1K,0.0,입주중,[미수집],[미수집],,64000,3000,0,18,64000,0,,
keep-lagoon-kawashimacho,202호,2층,1K,3.28,입주중,[미수집],[미수집],,65000,3000,0,21,65000,0,,
keep-lagoon-kawashimacho,203호,2층,1K,6.08,입주중,[미수집],[미수집],,65000,3000,0,24,65000,0,,
keep-lagoon-kawashimacho,204호,2층,1K,6.08,입주중,[미수집],[미수집],,65000,3000,0,24,65000,0,,
keep-lagoon-kawashimacho,205호,2층,1K,6.72,입주중,[미수집],[미수집],,66000,3000,0,24,66000,0,,
mitsukyo-1ap,101호,1층,1K,26.89,입주중,[미수집],[미수집],,960000,0,0,960000,960000,0,,
mitsukyo-1ap,102호,1층,1K,26.89,입주중,[미수집],[미수집],,936000,0,0,936000,936000,0,,
mitsukyo-1ap,103호,1층,1K,26.89,입주중,[미수집],[미수집],,936000,0,0,936000,936000,0,,
mitsukyo-1ap,104호,1층,1K,26.89,입주중,[미수집],[미수집],,936000,0,0,936000,936000,0,,
mitsukyo-1ap,105호,1층,1K,26.89,입주중,[미수집],[미수집],,960000,0,0,960000,960000,0,,
mitsukyo-1ap,201호,2층,1K,26.89,입주중,[미수집],[미수집],,1020000,0,0,1020000,1020000,0,,
mitsukyo-1ap,202호,2층,1K,26.89,입주중,[미수집],[미수집],,996000,0,0,996000,996000,0,,
mitsukyo-1ap,203호,2층,1K,26.89,입주중,[미수집],[미수집],,996000,0,0,996000,996000,0,,
mitsukyo-1ap,204호,2층,1K,26.89,입주중,[미수집],[미수집],,1020000,0,0,1020000,1020000,0,,
